<project version="4">
  <component name="GradleLocalSettings">
    <option name="myGradleUserHome" value="$USER_HOME$/AppData/Roaming/JetBrains/IntelliJIdea2021.3/extensions/com.intellij.javaee.jpa/data/aggregators" />
  </component>
  <component name="PermissionStore">
    <excludedFiles>
      <Path>$PROJECT_DIR$/.idea</Path>
    </excludedFiles>
    <fileAccess>Readonly</fileAccess>
    <terminalAccess>Readonly</terminalAccess>
    <runAccess>Readonly</runAccess>
    <toolWindowAccess>Disabled</toolWindowAccess>
  </component>
  <component name="ProjectInspectionProfilesVisibleTreeState">
    <entry key="Project Default">
      <profile-state>
        <expanded-state>
          <State />
          <State>
            <id>Android</id>
          </State>
          <State>
            <id>AnnotationsGroovy</id>
          </State>
          <State>
            <id>Assignment issuesGroovy</id>
          </State>
          <State>
            <id>Control flow issuesGroovy</id>
          </State>
          <State>
            <id>CorrectnessLintAndroid</id>
          </State>
          <State>
            <id>Data flowGroovy</id>
          </State>
          <State>
            <id>Declaration redundancyGroovy</id>
          </State>
          <State>
            <id>Error handlingGroovy</id>
          </State>
          <State>
            <id>GPathGroovy</id>
          </State>
          <State>
            <id>Groovy</id>
          </State>
          <State>
            <id>Java</id>
          </State>
          <State>
            <id>LintAndroid</id>
          </State>
          <State>
            <id>Method metricsGroovy</id>
          </State>
          <State>
            <id>Modularization issuesJava</id>
          </State>
          <State>
            <id>Naming conventionsGroovy</id>
          </State>
          <State>
            <id>OtherGroovy</id>
          </State>
          <State>
            <id>Potentially confusing code constructsGroovy</id>
          </State>
          <State>
            <id>Probable bugsGroovy</id>
          </State>
          <State>
            <id>StyleGroovy</id>
          </State>
          <State>
            <id>Threading issuesGroovy</id>
          </State>
          <State>
            <id>Validity issuesGroovy</id>
          </State>
        </expanded-state>
        <selected-state>
          <State>
            <id>AndroidLintGridLayout</id>
          </State>
        </selected-state>
      </profile-state>
    </entry>
  </component>
  <component name="VcsLogIndexCollector">
    <option name="indexTime" value="29581" />
  </component>
</project>