<project version="4">
  <component name="BigDataToolWindowController">
    <hdfsProjectPane id="RfsPane" />
  </component>
  <component name="BookmarksManager">
    <option name="groups">
      <GroupState>
        <option name="name" value="Jopeb" />
      </GroupState>
    </option>
  </component>
  <component name="DatabaseView">
    <expand />
    <select />
  </component>
  <component name="FileEditorManager">
    <leaf SIDE_TABS_SIZE_LIMIT_KEY="-1" />
  </component>
  <component name="FileTypeUsageLocalSummary">
    <fileType name="OnboardingPageVirtualFile">
      <summary usageCount="2" lastUsed="1642332894023" />
    </fileType>
    <fileType name="PLAIN_TEXT">
      <summary usageCount="4" lastUsed="1642337246716" />
    </fileType>
  </component>
  <component name="IgnoredFileRootStore">
    <option name="generatedRoots">
      <set>
        <option value="$PROJECT_DIR$/.idea" />
      </set>
    </option>
  </component>
  <component name="ProjectView">
    <navigator currentView="ProjectPane" proportions="" version="1" />
    <panes>
      <pane id="ProjectPane" />
      <pane id="PackagesPane" />
      <pane id="Course" />
      <pane id="Scope" />
    </panes>
  </component>
  <component name="TimeTrackingManager">
    <option name="totallyTimeSpent" value="1879000" />
  </component>
  <component name="TodoView">
    <todo-panel id="selected-file">
      <is-autoscroll-to-source value="true" />
    </todo-panel>
    <todo-panel id="all">
      <are-packages-shown value="true" />
      <is-autoscroll-to-source value="true" />
    </todo-panel>
  </component>
  <component name="ToolWindowManager">
    <layout>
      <window_info content_ui="combo" id="Project" order="0" weight="0.25026262" />
      <window_info id="Structure" order="1" side_tool="true" />
      <window_info id="Bookmarks" order="2" side_tool="true" />
      <window_info id="Commit" order="3" />
      <window_info id="Learn" order="4" />
      <window_info id="Pull Requests" order="5" />
      <window_info id="Space Code Reviews" order="6" />
      <window_info id="TMS" order="7" />
      <window_info id="aws.explorer" order="8" side_tool="true" />
      <window_info id="Azure Explorer" order="9" />
      <window_info anchor="bottom" id="Version Control" order="0" />
      <window_info anchor="bottom" id="Event Log" order="1" side_tool="true" weight="0.33047426" />
      <window_info anchor="bottom" id="Find" order="2" />
      <window_info anchor="bottom" id="Run" order="3" />
      <window_info anchor="bottom" id="Problems View" order="4" visible="true" weight="0.32782784" />
      <window_info anchor="bottom" id="Debug" order="5" weight="0.4" />
      <window_info anchor="bottom" id="TODO" order="6" weight="0.33047426" />
      <window_info anchor="bottom" id="Inspection" order="7" weight="0.4" />
      <window_info anchor="bottom" id="Educational.CheckDetails" order="8" />
      <window_info anchor="bottom" id="Profiler" order="9" />
      <window_info anchor="bottom" id="Internal Method Tracing" order="10" />
      <window_info anchor="bottom" id="File Transfer" order="11" />
      <window_info anchor="bottom" id="Terminal" order="12" />
      <window_info anchor="bottom" id="Database Changes" order="13" show_stripe_button="false" />
      <window_info anchor="bottom" id="TypeScript" order="14" />
      <window_info anchor="bottom" id="Flow" order="15" />
      <window_info anchor="bottom" id="Dart Analysis" order="16" />
      <window_info anchor="bottom" id="Python Packages" order="17" />
      <window_info anchor="bottom" id="scala-trace-log-viewer" order="18" />
      <window_info anchor="bottom" id="internal-profiler" order="19" />
      <window_info anchor="bottom" id="aws.cloudwatchlogs" order="20" />
      <window_info anchor="bottom" id="Azure Activity Log" order="21" />
      <window_info anchor="bottom" id="aws.sqs" order="22" />
      <window_info anchor="bottom" id="aws.cloudformation" order="23" />
      <window_info anchor="bottom" id="hadoop-toolwindow" order="24" />
      <window_info anchor="bottom" id="KafkaToolWindow" order="25" />
      <window_info anchor="bottom" id="EmrToolWindow" order="26" />
      <window_info anchor="bottom" id="DatabricksToolWindow" order="27" />
      <window_info anchor="bottom" id="Endpoints" order="28" show_stripe_button="false" />
      <window_info anchor="bottom" id="Cosmos Serverless Spark Jobs" order="29" />
      <window_info anchor="bottom" id="zeppelin-shell-toolwindow" order="30" />
      <window_info anchor="bottom" id="Services" order="31" show_stripe_button="false" />
      <window_info anchor="bottom" id="Azure Streaming Log" order="32" />
      <window_info anchor="bottom" id="SparkMonitoringToolWindow" order="33" />
      <window_info anchor="right" id="Key Promoter X" order="0" />
      <window_info anchor="right" id="String Manipulation" order="1" />
      <window_info anchor="right" id="Space Automation" order="2" />
      <window_info anchor="right" id="Database" order="3" weight="0.33009452" />
      <window_info anchor="right" id="Flutter Outline" order="4" />
      <window_info anchor="right" id="SciView" order="5" />
      <window_info anchor="right" id="Flutter Performance" order="6" />
      <window_info anchor="right" id="Flutter Inspector" order="7" />
      <window_info anchor="right" id="Azure Resource Connector" order="8" />
      <window_info anchor="right" id="Layout Validation" order="9" />
      <window_info anchor="right" id="BigDataToolWindow" order="10" weight="0.33009452" />
    </layout>
    <recentWindows>
      <value>Problems View</value>
      <value>Event Log</value>
      <value>Commit</value>
      <value>Project</value>
      <value>Database</value>
      <value>BigDataToolWindow</value>
      <value>TODO</value>
    </recentWindows>
  </component>
  <component name="Trusted.Project.Settings" hasCheckedIfOldProject="true" />
  <component name="WindowStateProjectService">
    <state x="430" y="140" key="#com.intellij.execution.impl.EditConfigurationsDialog" timestamp="1642331098631">
      <screen x="0" y="0" width="1920" height="999" />
    </state>
    <state x="430" y="140" key="#com.intellij.execution.impl.EditConfigurationsDialog/0.0.1920.999@0.0.1920.999" timestamp="1642331098631" />
    <state width="251" height="184" key="Git.Branch.Popup" timestamp="1642332841071">
      <screen x="0" y="0" width="1920" height="999" />
    </state>
    <state width="251" height="184" key="Git.Branch.Popup/0.0.1920.999@0.0.1920.999" timestamp="1642332841071" />
    <state width="498" height="559" key="SwitcherDM" timestamp="1642333018587">
      <screen x="0" y="0" width="1920" height="999" />
    </state>
    <state width="498" height="559" key="SwitcherDM/0.0.1920.999@0.0.1920.999" timestamp="1642333018587" />
    <state x="623" y="218" key="search.everywhere.popup" timestamp="1642332127613">
      <screen x="0" y="0" width="1920" height="999" />
    </state>
    <state x="623" y="218" key="search.everywhere.popup/0.0.1920.999@0.0.1920.999" timestamp="1642332127613" />
  </component>
  <component name="editorHistoryManager">
    <entry file="file://$USER_HOME$/.aws/config">
      <provider selected="true" editor-type-id="text-editor">
        <state relative-caret-position="58">
          <caret line="25" column="20" selection-start-line="25" selection-start-column="20" selection-end-line="25" selection-end-column="20" />
        </state>
      </provider>
    </entry>
    <entry file="file://$USER_HOME$/.bash_history">
      <provider selected="true" editor-type-id="text-editor">
        <state relative-caret-position="-25">
          <caret line="35" column="32" lean-forward="true" selection-start-line="25" selection-start-column="5" selection-end-line="35" selection-end-column="32" />
        </state>
      </provider>
    </entry>
    <entry file="file://$USER_HOME$/.jdks/.openjdk-17.0.1.intellij">
      <provider selected="true" editor-type-id="text-editor">
        <state relative-caret-position="-78" />
      </provider>
    </entry>
    <entry file="file://$USER_HOME$/.android/adbkey">
      <provider selected="true" editor-type-id="text-editor" />
    </entry>
  </component>
</project>