<project version="4">
  <component name="BookmarksManager">
    <option name="groups">
      <GroupState>
        <option name="name" value=".bash_history" />
      </GroupState>
    </option>
  </component>
  <component name="FileEditorManager">
    <leaf>
      <file pinned="false" current-in-tab="false">
        <entry file="file://$PROJECT_DIR$/BLUERIDGEBANK.txt">
          <provider selected="true" editor-type-id="text-editor" />
        </entry>
      </file>
      <file pinned="false" current-in-tab="true">
        <entry file="file://$PROJECT_DIR$/jimmyquickbank.csv">
          <provider selected="true" editor-type-id="csv-data-editor">
            <state>
              <format>
                <csv-format name="CSV" id="Comma-separated (CSV)_id">
                  <data>
                    <record-format prefix="" suffix="" nullText="" quotationPolicy="as needed" valueSeparator="," recordSeparator="&#10;">
                      <quotation>
                        <quotes left="&quot;" right="&quot;" leftEscaped="&quot;&quot;" rightEscaped="&quot;&quot;" />
                        <quotes left="'" right="'" leftEscaped="''" rightEscaped="''" />
                      </quotation>
                    </record-format>
                  </data>
                </csv-format>
              </format>
            </state>
          </provider>
          <provider editor-type-id="bde-ide-default-editor" />
        </entry>
      </file>
    </leaf>
  </component>
  <component name="FileTypeUsageLocalSummary">
    <fileType name="CSV/TSV">
      <summary usageCount="1" lastUsed="1643973156526" />
    </fileType>
    <fileType name="HTML">
      <summary usageCount="1" lastUsed="1643973164174" />
    </fileType>
    <fileType name="PLAIN_TEXT">
      <summary usageCount="1" lastUsed="1643973168580" />
    </fileType>
  </component>
  <component name="ProjectView">
    <navigator currentView="ProjectPane" proportions="" version="1" />
    <panes>
      <pane id="Course" />
      <pane id="ProjectPane" />
      <pane id="PackagesPane" />
      <pane id="Scope" />
    </panes>
  </component>
  <component name="TimeTrackingManager">
    <option name="totallyTimeSpent" value="761000" />
  </component>
  <component name="ToolWindowManager">
    <layout>
      <window_info anchor="top" id="Storm Sections" order="5" visible="true" />
      <window_info content_ui="combo" id="Project" order="0" visible="true" weight="0.25013012" />
      <window_info id="Structure" order="1" side_tool="true" />
      <window_info id="Bookmarks" order="2" side_tool="true" />
      <window_info id="Commit" order="3" />
      <window_info id="Learn" order="4" />
      <window_info id="Pull Requests" order="5" />
      <window_info id="Space Code Reviews" order="6" />
      <window_info id="TMS" order="7" />
      <window_info id="aws.explorer" order="8" side_tool="true" />
      <window_info id="Azure Explorer" order="9" />
      <window_info id="Resources Explorer" order="10" />
      <window_info id="Build Variants" order="11" side_tool="true" />
      <window_info anchor="bottom" id="Version Control" order="0" />
      <window_info anchor="bottom" id="Event Log" order="1" side_tool="true" />
      <window_info anchor="bottom" id="Find" order="1" />
      <window_info anchor="bottom" id="Run" order="2" />
      <window_info anchor="bottom" id="Problems View" order="3" />
      <window_info anchor="bottom" id="Debug" order="3" weight="0.4" />
      <window_info anchor="bottom" id="TODO" order="3" />
      <window_info anchor="bottom" id="Inspection" order="4" weight="0.4" />
      <window_info anchor="bottom" id="Educational.CheckDetails" order="5" />
      <window_info anchor="bottom" id="Profiler" order="5" />
      <window_info anchor="bottom" id="Internal Method Tracing" order="5" />
      <window_info anchor="bottom" id="File Transfer" order="5" />
      <window_info anchor="bottom" id="Terminal" order="5" />
      <window_info anchor="bottom" id="Database Changes" order="7" show_stripe_button="false" />
      <window_info anchor="bottom" id="TypeScript" order="7" />
      <window_info anchor="bottom" id="Flow" order="7" />
      <window_info anchor="bottom" id="Dart Analysis" order="8" />
      <window_info anchor="bottom" id="Python Packages" order="8" />
      <window_info anchor="bottom" id="scala-trace-log-viewer" order="9" />
      <window_info anchor="bottom" id="internal-profiler" order="9" />
      <window_info anchor="bottom" id="aws.cloudwatchlogs" order="9" />
      <window_info anchor="bottom" id="Azure Activity Log" order="9" />
      <window_info anchor="bottom" id="aws.sqs" order="9" />
      <window_info anchor="bottom" id="aws.cloudformation" order="9" />
      <window_info anchor="bottom" id="hadoop-toolwindow" order="10" />
      <window_info anchor="bottom" id="KafkaToolWindow" order="10" />
      <window_info anchor="bottom" id="EmrToolWindow" order="10" />
      <window_info anchor="bottom" id="DatabricksToolWindow" order="10" />
      <window_info anchor="bottom" id="Logcat" order="10" />
      <window_info anchor="bottom" id="Cosmos Serverless Spark Jobs" order="10" />
      <window_info anchor="bottom" id="zeppelin-shell-toolwindow" order="10" />
      <window_info anchor="bottom" id="Azure Streaming Log" order="10" />
      <window_info anchor="bottom" id="SparkMonitoringToolWindow" order="10" />
      <window_info anchor="bottom" id="Android Profiler" order="11" />
      <window_info anchor="bottom" id="Layout Inspector" order="12" side_tool="true" />
      <window_info anchor="bottom" id="App Inspection" order="12" />
      <window_info anchor="bottom" id="Services" order="12" show_stripe_button="false" />
      <window_info anchor="right" id="Key Promoter X" order="5" />
      <window_info anchor="right" id="String Manipulation" order="5" />
      <window_info anchor="right" id="Space Automation" order="6" />
      <window_info anchor="right" id="Database" order="7" />
      <window_info anchor="right" id="Flutter Outline" order="8" />
      <window_info anchor="right" id="SciView" order="8" />
      <window_info anchor="right" id="Flutter Performance" order="8" />
      <window_info anchor="right" id="Flutter Inspector" order="8" />
      <window_info anchor="right" id="Azure Resource Connector" order="9" />
      <window_info anchor="right" id="Layout Validation" order="9" />
      <window_info anchor="right" id="Android Emulator" order="10" side_tool="true" />
      <window_info anchor="right" id="Device File Explorer" order="10" side_tool="true" />
      <window_info anchor="right" id="BigDataToolWindow" order="10" />
    </layout>
    <recentWindows>
      <value>Project</value>
    </recentWindows>
  </component>
  <component name="Trusted.Project.Settings" hasCheckedIfOldProject="true" />
  <component name="editorHistoryManager">
    <entry file="file://$PROJECT_DIR$/jimmyquickbank.csv">
      <provider selected="true" editor-type-id="csv-data-editor">
        <state>
          <format>
            <csv-format name="CSV" id="Comma-separated (CSV)_id">
              <data>
                <record-format prefix="" suffix="" nullText="" quotationPolicy="as needed" valueSeparator="," recordSeparator="&#10;">
                  <quotation>
                    <quotes left="&quot;" right="&quot;" leftEscaped="&quot;&quot;" rightEscaped="&quot;&quot;" />
                    <quotes left="'" right="'" leftEscaped="''" rightEscaped="''" />
                  </quotation>
                </record-format>
              </data>
            </csv-format>
          </format>
        </state>
      </provider>
      <provider editor-type-id="bde-ide-default-editor" />
    </entry>
    <entry file="file://$PROJECT_DIR$/polkinh.html">
      <provider selected="true" editor-type-id="text-editor" />
    </entry>
    <entry file="file://$PROJECT_DIR$/BLUERIDGEBANK.txt">
      <provider selected="true" editor-type-id="text-editor" />
    </entry>
  </component>
</project>