<?xml version="1.0" encoding="utf-8"?>
<ArrayOfClientDataTypeMap xmlns="http://schemas.microsoft.com/sqlserver/2012/01/DataClassificationAndRecommendations" xmlns:xsi="http://www.w3.org/2001/XMLSchema-instance" xmlns:xsd="http://www.w3.org/2001/XMLSchema">
  <ClientDataTypeMap>
    <UdmType>Address</UdmType>
    <FeatureId>0fd124d0-fb6a-44fa-bb20-6e6bed65453e</FeatureId>
    <Group>Classification.Address.Group</Group>
    <LabelName>Classification.Address.LabelName</LabelName>
    <ClientDataType>Text</ClientDataType>
    <InFirstList>true</InFirstList>
    <Description>Classification.Address.Description</Description>
  </ClientDataTypeMap>
  <ClientDataTypeMap>
    <UdmType>City</UdmType>
    <FeatureId>51c88df7-586b-4836-9312-4c2ef4d61270</FeatureId>
    <Group>Classification.City.Group</Group>
    <LabelName>Classification.City.LabelName</LabelName>
    <ClientDataType>Text</ClientDataType>
    <InFirstList>true</InFirstList>
    <Description>Classification.City.Description</Description>
  </ClientDataTypeMap>
  <ClientDataTypeMap>
    <UdmType>Continent</UdmType>
    <FeatureId>d63b864d-7fcd-4ba7-b9da-5b0645917deb</FeatureId>
    <Group>Classification.Continent.Group</Group>
    <LabelName>Classification.Continent.LabelName</LabelName>
    <ClientDataType>Text</ClientDataType>
    <InFirstList>true</InFirstList>
    <Description>Classification.Continent.Description</Description>
  </ClientDataTypeMap>
  <ClientDataTypeMap>
    <UdmType>Country</UdmType>
    <FeatureId>4fc86a7b-6daa-4d8e-9f1a-6aac90c6fc4a</FeatureId>
    <Group>Classification.Country.Group</Group>
    <LabelName>Classification.Country.LabelName</LabelName>
    <ClientDataType>Text</ClientDataType>
    <InFirstList>true</InFirstList>
    <Description>Classification.Country.Description</Description>
  </ClientDataTypeMap>
  <ClientDataTypeMap>
    <UdmType>County</UdmType>
    <FeatureId>4f71f78e-bb89-4c3c-b424-f8b627099d99</FeatureId>
    <Group>Classification.County.Group</Group>
    <LabelName>Classification.County.LabelName</LabelName>
    <ClientDataType>Text</ClientDataType>
    <InFirstList>true</InFirstList>
    <Description>Classification.County.Description</Description>
  </ClientDataTypeMap>
  <ClientDataTypeMap>
    <UdmType>PostalCode</UdmType>
    <FeatureId>6798a5ba-ad8d-49e4-8fbd-6cfc06de8fec</FeatureId>
    <Group>Classification.PostalCode.Group</Group>
    <LabelName>Classification.PostalCode.LabelName</LabelName>
    <ClientDataType>Text</ClientDataType>
    <InFirstList>true</InFirstList>
    <Description>Classification.PostalCode.Description</Description>
  </ClientDataTypeMap>
  <ClientDataTypeMap>
    <UdmType>StateOrProvince</UdmType>
    <FeatureId>936576f2-74dd-4c7f-9388-2104cbfda983</FeatureId>
    <Group>Classification.StateorProvince.Group</Group>
    <LabelName>Classification.StateorProvince.LabelName</LabelName>
    <ClientDataType>Text</ClientDataType>
    <InFirstList>true</InFirstList>
    <Description>Classification.StateorProvince.Description</Description>
  </ClientDataTypeMap>
  <ClientDataTypeMap>
    <UdmType>ImageUrl</UdmType>
    <FeatureId>0ee2ef46-7525-4f5e-8521-dab68fc68f02</FeatureId>
    <Group>Classification.ImageURL.Group</Group>
    <LabelName>Classification.ImageURL.LabelName</LabelName>
    <ClientDataType>Text</ClientDataType>
    <InFirstList>true</InFirstList>
    <Description>Classification.ImageURL.Description</Description>
  </ClientDataTypeMap>
  <ClientDataTypeMap>
    <UdmType>WebUrl</UdmType>
    <FeatureId>15ae36d3-a7ce-460e-87eb-97eefc4099ca</FeatureId>
    <Group>Classification.WebUrl.Group</Group>
    <LabelName>Classification.WebUrl.LabelName</LabelName>
    <ClientDataType>Text</ClientDataType>
    <InFirstList>true</InFirstList>
    <Description>Classification.WebUrl.Description</Description>
  </ClientDataTypeMap>
  <ClientDataTypeMap>
    <UdmType>Image</UdmType>
    <FeatureId>8be5f05e-1af5-40aa-a679-1714c67ccf17</FeatureId>
    <Group>Classification.Image.Group</Group>
    <LabelName>Classification.Image.LabelName</LabelName>
    <ClientDataType>Binary</ClientDataType>
    <InFirstList>true</InFirstList>
    <Description>Classification.Image.Description</Description>
  </ClientDataTypeMap>  
  <ClientDataTypeMap>
    <UdmType>Latitude</UdmType>
    <FeatureId>5e320d1d-f655-4e7b-a359-58ef8a7c4f64</FeatureId>
    <Group>Classification.Latitude.Group</Group>
    <LabelName>Classification.Latitude.LabelName</LabelName>
    <ClientDataType>NumberDecimal</ClientDataType>
    <InFirstList>true</InFirstList>
    <Description>Classification.Latitude.Description</Description>
  </ClientDataTypeMap>
  <ClientDataTypeMap>
    <UdmType>Longitude</UdmType>
    <FeatureId>817e5e71-9ca9-44a3-8f10-16b43838f064</FeatureId>
    <Group>Classification.Longitude.Group</Group>
    <LabelName>Classification.Longitude.LabelName</LabelName>
    <ClientDataType>NumberDecimal</ClientDataType>
    <InFirstList>true</InFirstList>
    <Description>Classification.Longitude.Description</Description>
  </ClientDataTypeMap>
  <ClientDataTypeMap>
    <UdmType>Place</UdmType>
    <FeatureId>fcb5f6c7-f8a8-4160-aee2-3bee6141a495</FeatureId>
    <Group>Classification.Place.Group</Group>
    <LabelName>Classification.Place.LabelName</LabelName>
    <ClientDataType>Text</ClientDataType>
    <InFirstList>false</InFirstList>
    <Description>Classification.Place.Description</Description>
  </ClientDataTypeMap>
  <ClientDataTypeMap>
    <UdmType>Organization</UdmType>
    <FeatureId>e10f8bf3-6c57-421a-a48a-bd3e2a70570d</FeatureId>
    <Group>Classification.Organization.Group</Group>
    <LabelName>Classification.Organization.LabelName</LabelName>
    <ClientDataType>Text</ClientDataType>
    <InFirstList>false</InFirstList>
    <Description>Classification.Organization.Description</Description>
  </ClientDataTypeMap>
  <ClientDataTypeMap>
    <UdmType>Company</UdmType>
    <FeatureId>780ffa5e-d714-4401-b89c-401ef6993c6e</FeatureId>
    <Group>Classification.Company.Group</Group>
    <LabelName>Classification.Company.LabelName</LabelName>
    <ClientDataType>Text</ClientDataType>
    <InFirstList>false</InFirstList>
    <Description>Classification.Company.Description</Description>
  </ClientDataTypeMap>
  <ClientDataTypeMap>
    <UdmType>Product</UdmType>
    <FeatureId>7e227a64-e35d-43d9-85a9-f9e37644c4ad</FeatureId>
    <Group>Classification.Product.Group</Group>
    <LabelName>Classification.Product.LabelName</LabelName>
    <ClientDataType>Text</ClientDataType>
    <InFirstList>false</InFirstList>
    <Description>Classification.Product.Description</Description>
  </ClientDataTypeMap>
  <ClientDataTypeMap>
    <UdmType>Date</UdmType>
    <FeatureId>36028507-eb05-438c-bf79-7964062467c0</FeatureId>
    <Group>Classification.Date.Group</Group>
    <LabelName>Classification.Date.LabelName</LabelName>
    <ClientDataType>DateTime</ClientDataType>
    <InFirstList>true</InFirstList>
    <Description>Classification.Date.Description</Description>
  </ClientDataTypeMap>
</ArrayOfClientDataTypeMap>
