<Packages>
    <ApplicationName>GPT4All</ApplicationName>
    <ApplicationVersion>1.0.0</ApplicationVersion>
    <Package>
        <Name>Unspecified</Name>
        <Title>Unspecified</Title>
        <Description></Description>
        <SortingPriority>0</SortingPriority>
        <TreeName moveChildren="false"></TreeName>
        <Version>2.4.14</Version>
        <LastUpdateDate></LastUpdateDate>
        <InstallDate>2023-08-08</InstallDate>
        <Size>1317160</Size>
        <ForcedInstallation>true</ForcedInstallation>
        <Virtual>true</Virtual>
    </Package>
    <Package>
        <Name>gpt4all</Name>
        <Title>gpt4all</Title>
        <Description></Description>
        <SortingPriority>0</SortingPriority>
        <TreeName moveChildren="false"></TreeName>
        <Version>2.4.14</Version>
        <LastUpdateDate></LastUpdateDate>
        <InstallDate>2023-08-08</InstallDate>
        <Size>181286605</Size>
        <ForcedInstallation>true</ForcedInstallation>
    </Package>
</Packages>
