<?xml version="1.0" encoding="UTF-8"?>
<project version="4">
  <component name="dataSourceStorageLocal" created-in="IU-213.5744.223">
    <data-source name="Amazon Aurora MySQL" uuid="b1447742-c410-41e3-919f-323faa589d30">
      <database-info product="" version="" jdbc-version="" driver-name="" driver-version="" dbms="MYSQL_AURORA" exact-version="0" />
      <secret-storage>master_key</secret-storage>
      <schema-mapping />
    </data-source>
    <data-source name="Oracle - @localhost" uuid="7f7f17f6-e4c3-4af4-867b-9c88e3731dea">
      <database-info product="" version="" jdbc-version="" driver-name="" driver-version="" dbms="ORACLE" exact-version="0" />
      <secret-storage>master_key</secret-storage>
      <auth-provider>no-auth</auth-provider>
      <schema-mapping>
        <introspection-scope>
          <node kind="schema" negative="1" />
        </introspection-scope>
      </schema-mapping>
      <introspection-level>3</introspection-level>
    </data-source>
    <data-source name="3" uuid="3f25d1be-b41d-470a-8b43-bea483d5d61d">
      <database-info product="SQLite" version="3.34.0" jdbc-version="2.1" driver-name="SQLite JDBC" driver-version="3.34.0" dbms="SQLITE" exact-version="3.34.0" exact-driver-version="3.34">
        <identifier-quote-string>&quot;</identifier-quote-string>
      </database-info>
      <case-sensitivity plain-identifiers="mixed" quoted-identifiers="mixed" />
      <auth-provider>no-auth</auth-provider>
      <schema-mapping />
    </data-source>
    <data-source name="Downloads" uuid="78133903-610c-43a7-9dc1-dd343e0a86b5">
      <database-info product="" version="" jdbc-version="" driver-name="" driver-version="" dbms="DERBY" exact-version="0" />
      <secret-storage>master_key</secret-storage>
      <auth-provider>no-auth</auth-provider>
      <schema-mapping>
        <introspection-scope>
          <node kind="schema" negative="1" />
        </introspection-scope>
      </schema-mapping>
    </data-source>
    <data-source name="Apache Derby (Embedded) - Intuit" uuid="1b09632a-1670-45e8-a2a8-06630862a742">
      <database-info product="" version="" jdbc-version="" driver-name="" driver-version="" dbms="DERBY" exact-version="0" />
      <secret-storage>master_key</secret-storage>
      <schema-mapping />
    </data-source>
    <data-source name="Apache Derby (Embedded)" uuid="101758ab-7492-4788-b8fc-982cbe435a38">
      <database-info product="" version="" jdbc-version="" driver-name="" driver-version="" dbms="DERBY" exact-version="0" />
      <secret-storage>master_key</secret-storage>
      <schema-mapping />
    </data-source>
    <data-source name="Apache Derby (Embedded) - New folder (2)" uuid="acc9deb8-ccb4-4e96-8157-f7965055cb58">
      <database-info product="" version="" jdbc-version="" driver-name="" driver-version="" dbms="DERBY" exact-version="0" />
      <auth-provider>no-auth</auth-provider>
      <schema-mapping>
        <introspection-scope>
          <node kind="schema" negative="1" />
        </introspection-scope>
      </schema-mapping>
    </data-source>
    <data-source name="4" uuid="f1774d1d-789f-47db-84e0-e200c07e5f56">
      <database-info product="SQLite" version="3.34.0" jdbc-version="2.1" driver-name="SQLite JDBC" driver-version="3.34.0" dbms="SQLITE" exact-version="3.34.0" exact-driver-version="3.34">
        <identifier-quote-string>&quot;</identifier-quote-string>
      </database-info>
      <case-sensitivity plain-identifiers="mixed" quoted-identifiers="mixed" />
      <auth-provider>no-auth</auth-provider>
      <schema-mapping>
        <introspection-scope>
          <node kind="schema" qname="@" />
        </introspection-scope>
      </schema-mapping>
    </data-source>
    <data-source name="5" uuid="53b1fd4a-9c3c-4877-8dd6-a3dc4d16b195">
      <database-info product="SQLite" version="3.34.0" jdbc-version="2.1" driver-name="SQLite JDBC" driver-version="3.34.0" dbms="SQLITE" exact-version="3.34.0" exact-driver-version="3.34">
        <identifier-quote-string>&quot;</identifier-quote-string>
      </database-info>
      <case-sensitivity plain-identifiers="mixed" quoted-identifiers="mixed" />
      <auth-provider>no-auth</auth-provider>
      <schema-mapping>
        <introspection-scope>
          <node kind="schema" qname="@" />
        </introspection-scope>
      </schema-mapping>
    </data-source>
    <data-source name="2" uuid="784b061f-328a-4bbc-bc59-9c329afd105e">
      <database-info product="SQLite" version="3.34.0" jdbc-version="2.1" driver-name="SQLite JDBC" driver-version="3.34.0" dbms="SQLITE" exact-version="3.34.0" exact-driver-version="3.34">
        <identifier-quote-string>&quot;</identifier-quote-string>
      </database-info>
      <case-sensitivity plain-identifiers="mixed" quoted-identifiers="mixed" />
      <auth-provider>no-auth</auth-provider>
      <schema-mapping>
        <introspection-scope>
          <node kind="schema" qname="@" />
        </introspection-scope>
      </schema-mapping>
    </data-source>
    <data-source name="User Data Source" uuid="25cd621b-7b28-4922-abf2-88d50755f87f">
      <database-info product="" version="" jdbc-version="" driver-name="" driver-version="" dbms="UNKNOWN" exact-version="0" />
      <secret-storage>master_key</secret-storage>
      <schema-mapping />
    </data-source>
  </component>
</project>