<?xml version="1.0" encoding="UTF-8"?>
<project version="4">
  <component name="DataSourceManagerImpl" format="xml" multifile-model="true">
    <data-source source="LOCAL" name="Amazon Aurora MySQL" uuid="b1447742-c410-41e3-919f-323faa589d30">
      <driver-ref>mysql_aurora</driver-ref>
      <synchronize>true</synchronize>
      <configured-by-url>true</configured-by-url>
      <jdbc-driver>org.mariadb.jdbc.Driver</jdbc-driver>
      <jdbc-url>file:///$PROJECT_DIR$/Downloads/jamesocallaghanprivatebankestateandtrust.html</jdbc-url>
      <working-dir>$ProjectFileDir$</working-dir>
    </data-source>
    <data-source source="LOCAL" name="Oracle - @localhost" uuid="7f7f17f6-e4c3-4af4-867b-9c88e3731dea">
      <driver-ref>oracle.19</driver-ref>
      <synchronize>true</synchronize>
      <auto-commit>false</auto-commit>
      <jdbc-driver>oracle.jdbc.OracleDriver</jdbc-driver>
      <jdbc-url>jdbc:oracle:thin:@localhost:1521:XE</jdbc-url>
      <working-dir>$ProjectFileDir$</working-dir>
    </data-source>
    <data-source source="LOCAL" name="3" uuid="3f25d1be-b41d-470a-8b43-bea483d5d61d">
      <driver-ref>sqlite.xerial</driver-ref>
      <synchronize>true</synchronize>
      <jdbc-driver>org.sqlite.JDBC</jdbc-driver>
      <jdbc-url>jdbc:sqlite:C:\Users\user\AppData\Local\Google\Chrome\User Data\Default\databases\https_support.dnb.com_0\3</jdbc-url>
      <working-dir>$ProjectFileDir$</working-dir>
    </data-source>
    <data-source source="LOCAL" name="Downloads" uuid="78133903-610c-43a7-9dc1-dd343e0a86b5">
      <driver-ref>derby.embedded</driver-ref>
      <synchronize>true</synchronize>
      <jdbc-driver>org.apache.derby.jdbc.EmbeddedDriver</jdbc-driver>
      <jdbc-url>jdbc:derby:$PROJECT_DIR$/Downloads</jdbc-url>
      <working-dir>$ProjectFileDir$</working-dir>
    </data-source>
    <data-source source="LOCAL" name="Apache Derby (Embedded) - Intuit" uuid="1b09632a-1670-45e8-a2a8-06630862a742">
      <driver-ref>derby.embedded</driver-ref>
      <synchronize>true</synchronize>
      <jdbc-driver>org.apache.derby.jdbc.EmbeddedDriver</jdbc-driver>
      <jdbc-url>jdbc:derby:$PROJECT_DIR$/../../Program Files/Intuit</jdbc-url>
      <working-dir>$ProjectFileDir$</working-dir>
    </data-source>
    <data-source source="LOCAL" name="Apache Derby (Embedded)" uuid="101758ab-7492-4788-b8fc-982cbe435a38">
      <driver-ref>derby.embedded</driver-ref>
      <synchronize>true</synchronize>
      <jdbc-driver>org.apache.derby.jdbc.EmbeddedDriver</jdbc-driver>
      <working-dir>$ProjectFileDir$</working-dir>
    </data-source>
    <data-source source="LOCAL" name="Apache Derby (Embedded) - New folder (2)" uuid="acc9deb8-ccb4-4e96-8157-f7965055cb58">
      <driver-ref>derby.embedded</driver-ref>
      <synchronize>true</synchronize>
      <jdbc-driver>org.apache.derby.jdbc.EmbeddedDriver</jdbc-driver>
      <jdbc-url>jdbc:derby:$PROJECT_DIR$/Downloads/New folder (2)</jdbc-url>
      <working-dir>$ProjectFileDir$</working-dir>
    </data-source>
    <data-source source="LOCAL" name="4" uuid="f1774d1d-789f-47db-84e0-e200c07e5f56">
      <driver-ref>sqlite.xerial</driver-ref>
      <synchronize>true</synchronize>
      <jdbc-driver>org.sqlite.JDBC</jdbc-driver>
      <jdbc-url>jdbc:sqlite:C:\Users\user\AppData\Local\Google\Chrome\User Data\Default\databases\https_www.citi.com_0\4</jdbc-url>
      <working-dir>$ProjectFileDir$</working-dir>
      <libraries>
        <library>
          <url>file://$PROJECT_DIR$/AppData/Roaming/JetBrains/IntelliJIdea2021.3/jdbc-drivers/Xerial SQLiteJDBC/3.34.0/sqlite-jdbc-3.34.0.jar</url>
        </library>
      </libraries>
    </data-source>
    <data-source source="LOCAL" name="5" uuid="53b1fd4a-9c3c-4877-8dd6-a3dc4d16b195">
      <driver-ref>sqlite.xerial</driver-ref>
      <synchronize>true</synchronize>
      <jdbc-driver>org.sqlite.JDBC</jdbc-driver>
      <jdbc-url>jdbc:sqlite:C:\Users\user\AppData\Local\Google\Chrome\User Data\Default\databases\https_app.qbo.intuit.com_0\5</jdbc-url>
      <working-dir>$ProjectFileDir$</working-dir>
      <libraries>
        <library>
          <url>file://$PROJECT_DIR$/AppData/Roaming/JetBrains/IntelliJIdea2021.3/jdbc-drivers/Xerial SQLiteJDBC/3.34.0/sqlite-jdbc-3.34.0.jar</url>
        </library>
      </libraries>
    </data-source>
    <data-source source="LOCAL" name="2" uuid="784b061f-328a-4bbc-bc59-9c329afd105e">
      <driver-ref>sqlite.xerial</driver-ref>
      <synchronize>true</synchronize>
      <jdbc-driver>org.sqlite.JDBC</jdbc-driver>
      <jdbc-url>jdbc:sqlite:C:\Users\user\AppData\Local\Google\Chrome\User Data\Default\databases\https_www.dnb.com_0\2</jdbc-url>
      <working-dir>$ProjectFileDir$</working-dir>
      <libraries>
        <library>
          <url>file://$PROJECT_DIR$/AppData/Roaming/JetBrains/IntelliJIdea2021.3/jdbc-drivers/Xerial SQLiteJDBC/3.34.0/sqlite-jdbc-3.34.0.jar</url>
        </library>
      </libraries>
    </data-source>
    <data-source source="LOCAL" name="User Data Source" uuid="25cd621b-7b28-4922-abf2-88d50755f87f">
      <synchronize>true</synchronize>
      <configured-by-url>true</configured-by-url>
      <jdbc-driver>java.sql.Driver</jdbc-driver>
      <working-dir>$ProjectFileDir$</working-dir>
    </data-source>
  </component>
</project>