<?xml version="1.0" encoding="UTF-8"?>
<project version="4">
  <component name="DataSourceManagerImpl" format="xml" multifile-model="true">
    <data-source source="LOCAL" name="Apache Derby (Embedded)" uuid="70761909-9294-4741-bfee-c3ed7f33a349">
      <driver-ref>derby.embedded</driver-ref>
      <synchronize>true</synchronize>
      <jdbc-driver>org.apache.derby.jdbc.EmbeddedDriver</jdbc-driver>
      <working-dir>$ProjectFileDir$</working-dir>
    </data-source>
  </component>
</project>