<?xml version="1.0"?>
<DecisionTree xmlns:xsd="http://www.w3.org/2001/XMLSchema" xmlns:xsi="http://www.w3.org/2001/XMLSchema-instance" xmlns="http://schemas.microsoft.com/sqlserver/2012/01/DataClassificationAndRecommendations">
  <RootNode a="-1" o="EQ" v="0" c="-1">
    <B a="85" o="GE" v="0.70" c="85"/>
    <B a="86" o="GE" v="0.60" c="86"/>
    <B a="14" o="GE" v="0.55" c="30"/>
    <B a="30" o="GE" v="0.70" c="30"/>
    <B a="26" o="GE" v="0.85" c="26"/>
    <B a="16" o="GE" v="0.55" c="27"/>
    <B a="27" o="GE" v="0.70" c="27"/>
    <B a="24" o="GE" v="0.60" c="28"/>
    <B a="28" o="GE" v="0.75" c="28"/>
    <B a="26" o="GE" v="0.60" c="26"/>
    <B a="30" o="GE" v="0.60" c="30"/>
    <B a="27" o="GE" v="0.60" c="27"/>
    <B a="24" o="GE" v="0.55" c="28"/>
    <B a="26" o="GE" v="0.55" c="26"/>
    <B a="25" o="GE" v="0.60" c="60"/>
    <B a="31" o="GE" v="0.60" c="60"/>
    <B a="48" o="GE" v="0.60" c="60"/>
    <B a="13" o="GE" v="0.50" c="59"/>
    <B a="87" o="GE" v="0.80" c="89"/>
    <B a="88" o="GE" v="0.80" c="89"/>
    <B a="37" o="GE" v="0.60" c="61"/>
    <B a="38" o="GE" v="0.60" c="61"/>
    <B a="39" o="GE" v="0.60" c="61"/>
    <B a="90" o="GE" v="0.65" c="61"/>
    <B a="33" o="GE" v="0.75" c="91"/>
    <B a="34" o="GE" v="0.75" c="91"/>
    <B a="35" o="GE" v="0.75" c="91"/>
    <B a="36" o="GE" v="0.65" c="36"/>
    <B a="32" o="GE" v="0.90" c="60"/>
    <B a="94" o="GE" v="0.60" c="27"/>
    <B a="95" o="GE" v="0.60" c="27"/>
    <B a="28" o="GE" v="0.45" c="28"/>
    <B a="14" o="GE" v="0.70" c="-1" >
      <B a="30" o="GE" v="0.55" c="30"/>
    </B>
    <B a="16" o="GE" v="0.70" c="-1" >
      <B a="27" o="GE" v="0.55" c="27"/>
    </B>
    <B a="0" o="GE" v="0.85" c="0"/>
    <B a="0" o="GE" v="0.80" c="-1" >
      <B a="18" o="GE" v="0.60" c="0"/>
    </B>
    <B a="33" o="GE" v="0.60" c="-1" >
      <B a="35" o="GE" v="0.60" c="91"/>
    </B>
    <B a="15" o="GE" v="0.85" c="-1" >
      <B a="36" o="GE" v="0.80" c="36"/>
    </B>
    <B a="46" o="GE" v="0.85" c="-1" >
      <B a="15" o="GE" v="0.80" c="-1" >
        <B a="36" o="GE" v="0.75" c="36"/>
      </B>
    </B>
    <B a="85" o="GE" v="0.25" c="85"/>
    <B a="86" o="GE" v="0.25" c="86"/>
    <B a="17" o="GE" v="0.65" c="29"/>
    <B a="29" o="GE" v="0.80" c="29"/>
    <B a="29" o="GE" v="0.70" c="-1" >
      <B a="17" o="GE" v="0.55" c="29"/>
    </B>
    <B a="96" o="GE" v="0.95" c="1"/>
    <B a="97" o="GE" v="0.95" c="2"/>
    <B a="96" o="GE" v="0.65" c="-1" >
      <B a="92" o="GE" v="0.45" c="1"/>
      <B a="98" o="GE" v="0.60" c="1"/>
    </B>
    <B a="97" o="GE" v="0.75" c="-1" >
      <B a="93" o="GE" v="0.45" c="2"/>
      <B a="99" o="GE" v="0.60" c="2"/>
    </B>
  </RootNode>
  <AttributeAliases>
    <A i="0" n="36028507-eb05-438c-bf79-7964062467c0" />
    <A i="1" n="5e320d1d-f655-4e7b-a359-58ef8a7c4f64" />
    <A i="2" n="817e5e71-9ca9-44a3-8f10-16b43838f064" />
    <A i="3" n="b47be76c-ec48-4756-b99a-94dcd4eadd4e" />
    <A i="4" n="37519a69-2552-4adf-afe6-fa4f410574dd" />
    <A i="5" n="f786b1ce-8985-4df1-857f-5a34fc0ebc47" />
    <A i="6" n="fb918d31-5a0d-41df-8706-535a1fdfaefe" />
    <A i="7" n="1f987eb6-5ddd-4b33-a91c-6a2866bfd17d" />
    <A i="8" n="10a90194-a0e5-462b-ae1f-0b47a5c2a713" />
    <A i="9" n="3cc4ba20-610e-4e79-8383-4f51b9d914da" />
    <A i="10" n="04fd09be-8fe5-4ae6-9cec-0d900f7b7246" />
    <A i="11" n="30c3b157-ebc7-47d7-bef5-96d3b46a40e2" />
    <A i="12" n="1470da6a-721a-426b-9aba-d676cae992bf" />
    <A i="13" n="e8a6f0ca-06a4-42c7-93f1-2b5c3020e4de" />
    <A i="14" n="e08150b9-d803-4528-9842-10df8452c069" />
    <A i="15" n="73804697-a938-49df-924c-2c6e28b983eb" />
    <A i="16" n="1c6a8e9d-073d-42ee-8745-f416e09344d0" />
    <A i="17" n="85bcfe4e-b97f-46d8-818b-db7337fce9d6" />
    <A i="18" n="6cad5b18-789b-4ca9-865b-f3795034c3d5" />
    <A i="19" n="b86e182e-14a5-4486-bbb2-9a5fed0d6059" />
    <A i="20" n="26a24806-3a14-441b-8ec6-c9d77d932809" />
    <A i="21" n="4a3bb471-bd3d-406b-8267-d1ef15a1e32f" />
    <A i="22" n="01cc190a-a24b-435e-8b92-437f4c235563" />
    <A i="23" n="79cc239c-8d52-4400-8c47-b47447a95c91" />
    <A i="24" n="3dbe8200-17d2-4c10-a9f8-313fa18a0821" />
    <A i="25" n="687af80a-f2fe-4f06-9d66-e9acf8e93b46" />
    <A i="26" n="d63b864d-7fcd-4ba7-b9da-5b0645917deb" />
    <A i="27" n="4fc86a7b-6daa-4d8e-9f1a-6aac90c6fc4a" />
    <A i="28" n="936576f2-74dd-4c7f-9388-2104cbfda983" />
    <A i="29" n="4f71f78e-bb89-4c3c-b424-f8b627099d99" />
    <A i="30" n="51c88df7-586b-4836-9312-4c2ef4d61270" />
    <A i="31" n="dde6dfd2-042a-4529-a936-af241c3003e6" />
    <A i="32" n="1bbd4cb1-c10f-4ea4-b952-83b26e7eb96e" />
    <A i="33" n="84564cb3-6983-4010-9986-69d1e1ddc280" />
    <A i="34" n="8ec37ab2-0755-44fb-b1da-f2a0487ed691" />
    <A i="35" n="11c2093f-9a1e-4d6e-b0c0-75c691a18308" />
    <A i="36" n="780ffa5e-d714-4401-b89c-401ef6993c6e" />
    <A i="37" n="79f512f6-d73c-4d3a-a274-dba96747da6a" />
    <A i="38" n="f41b0093-dafe-4be0-b9f2-33929611ae07" />
    <A i="39" n="d9a5855e-d726-46ee-8431-911bd812e4ce" />
    <A i="40" n="8b0a8a3f-5919-479c-a10f-39aa75b416ed" />
    <A i="41" n="06fb9a40-46ba-47f6-9d91-d1e5cc2a062e" />
    <A i="42" n="06819934-d591-450d-bd81-cbe39dc9506e" />
    <A i="43" n="574cb7dc-7239-46a0-bef6-f1de772471a7" />
    <A i="44" n="d5e1ed13-cd00-4d95-88d5-710f13c853e0" />
    <A i="45" n="edce8029-19f7-4929-8dde-6e8bf6b32cb5" />
    <A i="46" n="cf3a9123-99ad-4555-9095-f7e9462afd87" />
    <A i="47" n="95e69638-8fd6-4881-997b-d71228b2062d" />
    <A i="48" n="b49a1a5d-1c1c-42f1-8e75-e14a7e5e0d66" />
    <A i="49" n="646e8235-2b86-497f-a415-66a822ff1f5e" />
    <A i="50" n="1b247592-a9f6-4086-80bf-6f573801d7c5" />
    <A i="51" n="50708ab3-ef31-45e3-98f9-7f652496ddea" />
    <A i="52" n="9608f6b3-6669-4f08-b6d9-5aedf2b6985b" />
    <A i="53" n="03c01dcf-4385-40a5-9870-4a896244c752" />
    <A i="54" n="9da662ae-ebc8-4229-9a80-d48d39953967" />
    <A i="55" n="83b1ddfe-a15b-4fc5-b72f-057d4e69f816" />
    <A i="56" n="cb39c553-9f0f-4336-8e9c-151bb4fb9429" />
    <A i="57" n="1612961c-6cc4-4a27-838b-e30f6fbfeacd" />
    <A i="58" n="8b0a0df8-dbf8-44a0-82df-ac1bd2ba0eea" />
    <A i="59" n="0fd124d0-fb6a-44fa-bb20-6e6bed65453e" />
    <A i="60" n="6798a5ba-ad8d-49e4-8fbd-6cfc06de8fec" />
    <A i="61" n="e10f8bf3-6c57-421a-a48a-bd3e2a70570d" />
    <A i="62" n="9c8b901b-7f36-4391-9a6c-d222fb33a048" />
    <A i="63" n="afd29442-ebbe-4540-8349-8d76166c83b4" />
    <A i="64" n="7863261b-672c-4a18-a42e-f7d2d9c15a7c" />
    <A i="65" n="362a99f1-7a89-4143-bdb8-e131d52c63bd" />
    <A i="66" n="dc915c6d-b8de-4b12-8635-0834a5faaf0a" />
    <A i="67" n="15be2b96-9e47-429f-8164-d3ba64508300" />
    <A i="68" n="ce697862-a388-4445-a08a-8ad8b6b16c18" />
    <A i="69" n="76a9acca-d579-47a3-91c6-bf931dfe6c4c" />
    <A i="70" n="c54053c2-f96f-47f4-a5f9-0692cc51dec3" />
    <A i="71" n="022657e3-8c39-4ad5-8a9b-abf17bfcab1f" />
    <A i="72" n="f0108d5f-8b0a-43e4-8d76-0cdccc052a61" />
    <A i="73" n="c92514f3-0e82-4a74-98b6-a415bf805ab0" />
    <A i="74" n="e2f86f35-082a-4420-9043-0c677f9ff2a3" />
    <A i="75" n="6fa44fa7-a8b8-4ea7-b250-e9b1d28c0b23" />
    <A i="76" n="bd139371-c53d-474a-85b4-0bc183b9a4b9" />
    <A i="77" n="c9b90851-c176-46b4-8577-2472786d7155" />
    <A i="78" n="8a6de923-dd5f-4fa3-8848-47f84a25cd97" />
    <A i="79" n="f96cde61-cfbb-4515-bc28-b5c0994be40f" />
    <A i="80" n="3b356a3a-13b2-4de1-bfbf-56061c37308f" />
    <A i="81" n="69172d92-ca23-4a69-8140-89692b7f61ef" />
    <A i="82" n="9ac0f333-f513-4f0d-aa12-6d6f671f892f" />
    <A i="83" n="f23b4f96-e8d8-4c6b-b1c3-40b3b2ee164f" />
    <A i="84" n="92fedefa-0561-4be2-b4a7-b0f7a0e0e02e" />
    <A i="85" n="0ee2ef46-7525-4f5e-8521-dab68fc68f02" />
    <A i="86" n="15ae36d3-a7ce-460e-87eb-97eefc4099ca" />
    <A i="87" n="15057b99-105f-463e-a200-ed837f05c528" />
    <A i="88" n="3a43f7ce-a35b-43a6-9bce-0288549fe80d" />
    <A i="89" n="8be5f05e-1af5-40aa-a679-1714c67ccf17" />
    <A i="90" n="331bf6a1-6eab-40da-adb9-c1314ba6dc56" />
    <A i="91" n="098158b7-58e2-4df5-a8ef-4c72ba7955a6" />
    <A i="92" n="7cf3d15f-253f-4e52-b9fc-ca5e252577a4" />
    <A i="93" n="31a9fa4f-65c1-4643-a879-f888598929db" />
    <A i="94" n="f19c14f9-dc6a-4fbe-a0fc-a5e21e93d0f3" />
    <A i="95" n="198d1fd6-8e56-4924-9f37-cc508e485de5" />
    <A i="96" n="7a1a6b9a-bd3b-4134-8cb3-2c1320438faa" />
    <A i="97" n="a8e519b6-2386-4bba-93b2-70038bb69150" />
    <A i="98" n="f4994fbd-a6d7-4691-91dd-9b3663d4b402" />
    <A i="99" n="658e41d5-25d1-46cf-a255-033c670530b2" />
  </AttributeAliases>
</DecisionTree>
