<component name="libraryTable">
  <library name="Downloads">
    <CLASSES>
      <root url="jar://$PROJECT_DIR$/Downloads/QBWebConnector2_3R0-00036.zip!/" />
      <root url="jar://$PROJECT_DIR$/Downloads/multiConvert_1640421805.zip!/" />
      <root url="jar://$PROJECT_DIR$/Downloads/hot revolver.zip!/" />
      <root url="jar://$PROJECT_DIR$/Downloads/SS-Mortmain-Treasury-Account-package.zip!/" />
      <root url="jar://$PROJECT_DIR$/Downloads/takeout-20211219T234454Z-001.zip!/" />
      <root url="jar://$PROJECT_DIR$/Downloads/7059.zip!/" />
      <root url="jar://$PROJECT_DIR$/Downloads/python-3.10.0-embed-amd64.zip!/" />
    </CLASSES>
    <JAVADOC />
    <SOURCES />
  </library>
</component>