﻿<?xml version="1.0" encoding="utf-8"?>
<ArrayOfCreditCardConfiguration xmlns="http://schemas.microsoft.com/sqlserver/2012/01/DataClassificationAndRecommendations" xmlns:xsi="http://www.w3.org/2001/XMLSchema-instance" xmlns:xsd="http://www.w3.org/2001/XMLSchema">
  <CreditCardConfiguration>
    <Lengths>
      <int>15</int>
    </Lengths>
    <Prefixes>
      <string>34</string>
      <string>37</string>
    </Prefixes>
    <SkipLuhn>false</SkipLuhn>
    <FeatureId>39ce9756-f937-483f-ae19-474d9c32666b</FeatureId>
  </CreditCardConfiguration>
  <CreditCardConfiguration>
    <Lengths>
      <int>16</int>
    </Lengths>
    <Prefixes>
      <string>5610</string>
      <string>560221</string>
      <string>560222</string>
      <string>560223</string>
      <string>560224</string>
      <string>560225</string>
    </Prefixes>
    <SkipLuhn>false</SkipLuhn>
    <FeatureId>70045cfb-33e8-4861-a436-643478af21e8</FeatureId>
  </CreditCardConfiguration>
  <CreditCardConfiguration>
    <Lengths>
      <int>16</int>
    </Lengths>
    <Prefixes>
      <string>62</string>
    </Prefixes>
    <SkipLuhn>true</SkipLuhn>
    <FeatureId>06fb9a40-46ba-47f6-9d91-d1e5cc2a062e</FeatureId>
  </CreditCardConfiguration>
  <CreditCardConfiguration>
    <Lengths>
      <int>14</int>
    </Lengths>
    <Prefixes>
      <string>300</string>
      <string>301</string>
      <string>302</string>
      <string>303</string>
      <string>304</string>
      <string>305</string>
    </Prefixes>
    <SkipLuhn>false</SkipLuhn>
    <FeatureId>06819934-d591-450d-bd81-cbe39dc9506e</FeatureId>
  </CreditCardConfiguration>
  <CreditCardConfiguration>
    <Lengths>
      <int>15</int>
    </Lengths>
    <Prefixes>
      <string>2014</string>
      <string>2149</string>
    </Prefixes>
    <SkipLuhn>true</SkipLuhn>
    <FeatureId>574cb7dc-7239-46a0-bef6-f1de772471a7</FeatureId>
  </CreditCardConfiguration>
  <CreditCardConfiguration>
    <Lengths>
      <int>14</int>
    </Lengths>
    <Prefixes>
      <string>36</string>
    </Prefixes>
    <SkipLuhn>false</SkipLuhn>
    <FeatureId>d5e1ed13-cd00-4d95-88d5-710f13c853e0</FeatureId>
  </CreditCardConfiguration>
  <CreditCardConfiguration>
    <Lengths>
      <int>16</int>
    </Lengths>
    <Prefixes>
      <string>6011</string>
      <string>622</string>
      <string>644</string>
      <string>645</string>
      <string>646</string>
      <string>647</string>
      <string>648</string>
      <string>649</string>
      <string>65</string>
    </Prefixes>
    <SkipLuhn>false</SkipLuhn>
    <FeatureId>06406650-5180-4504-ac38-ee56203fa929</FeatureId>
  </CreditCardConfiguration>
  <CreditCardConfiguration>
    <Lengths>
      <int>16</int>
    </Lengths>
    <Prefixes>
      <string>637</string>
      <string>638</string>
      <string>639</string>
    </Prefixes>
    <SkipLuhn>false</SkipLuhn>
    <FeatureId>d06c41fa-8c93-4864-b50d-8e44fe2e37f3</FeatureId>
  </CreditCardConfiguration>
  <CreditCardConfiguration>
    <Lengths>
      <int>15</int>
    </Lengths>
    <Prefixes>
      <string>35</string>
    </Prefixes>
    <SkipLuhn>false</SkipLuhn>
    <FeatureId>edce8029-19f7-4929-8dde-6e8bf6b32cb5</FeatureId>
  </CreditCardConfiguration>
  <CreditCardConfiguration>
    <Lengths>
      <int>16</int>
      <int>17</int>
      <int>18</int>
      <int>19</int>
    </Lengths>
    <Prefixes>
      <string>2014</string>
      <string>2149</string>
    </Prefixes>
    <SkipLuhn>false</SkipLuhn>
    <FeatureId>be63b508-3c2a-47ed-970d-a5bbe5bffe02</FeatureId>
  </CreditCardConfiguration>
  <CreditCardConfiguration>
    <Lengths>
      <int>12</int>
      <int>13</int>
      <int>14</int>
      <int>15</int>
      <int>16</int>
      <int>17</int>
      <int>18</int>
      <int>19</int>
    </Lengths>
    <Prefixes>
      <string>5018</string>
      <string>5020</string>
      <string>5038</string>
      <string>6304</string>
      <string>6759</string>
      <string>6761</string>
      <string>6762</string>
      <string>6763</string>
    </Prefixes>
    <SkipLuhn>false</SkipLuhn>
    <FeatureId>76be3072-5c75-48c3-85bb-7dc8b4bfa085</FeatureId>
  </CreditCardConfiguration>
  <CreditCardConfiguration>
    <Lengths>
      <int>16</int>
    </Lengths>
    <Prefixes>
      <string>51</string>
      <string>52</string>
      <string>53</string>
      <string>54</string>
      <string>55</string>
    </Prefixes>
    <SkipLuhn>false</SkipLuhn>
    <FeatureId>be26439a-9241-403a-86c2-b0e63ba01cf6</FeatureId>
  </CreditCardConfiguration>
  <CreditCardConfiguration>
    <Lengths>
      <int>16</int>
      <int>18</int>
      <int>19</int>
    </Lengths>
    <Prefixes>
      <string>6334</string>
      <string>6767</string>
    </Prefixes>
    <SkipLuhn>false</SkipLuhn>
    <FeatureId>23f83bb1-a1eb-4daf-a065-c307a6e9cd59</FeatureId>
  </CreditCardConfiguration>
  <CreditCardConfiguration>
    <Lengths>
      <int>16</int>
      <int>18</int>
      <int>19</int>
    </Lengths>
    <Prefixes>
      <string>4903</string>
      <string>4905</string>
      <string>4911</string>
      <string>4936</string>
      <string>564182</string>
      <string>633110</string>
      <string>6333</string>
      <string>6759</string>
    </Prefixes>
    <SkipLuhn>false</SkipLuhn>
    <FeatureId>03639180-0c80-460b-a2ee-3f7cf916263c</FeatureId>
  </CreditCardConfiguration>
  <CreditCardConfiguration>
    <Lengths>
      <int>16</int>
    </Lengths>
    <Prefixes>
      <string>4</string>
    </Prefixes>
    <SkipLuhn>false</SkipLuhn>
    <FeatureId>383d778b-00ef-4f1b-9a6f-ac5f400d1eb6</FeatureId>
  </CreditCardConfiguration>
</ArrayOfCreditCardConfiguration>