
<ArrayOfFeatureExtractor
  xmlns="" xmlns:xsi="http://www.w3.org/2001/XMLSchema-instance" xmlns:xsd="http://www.w3.org/2001/XMLSchema">
  <FeatueExtractor>
    <ID>5734a5df-1dfa-47b3-bf68-0486df3bc9a0</ID>
    <Version>3</Version>
    <Configuration>
      <File>
        <Url>/Files</Url>
        <FileName>BFCounty.xml</FileName>
        <HashType>SHA256</HashType>
        <Hash>DF77DEF9E5FD65D66528E63D01C4E01C0BF2804E3A6111A0C393B9197A35E96C</Hash>
        <Size>5212</Size>
      </File>
    </Configuration>
    <Features>
      <FeatureInfo>
        <FeatureID>4f71f78e-bb89-4c3c-b424-f8b627099d99</FeatureID>
        <MinWeight>0.3</MinWeight>
      </FeatureInfo>
    </Features>
    <Type>BloomierFilter</Type> 
    <Level>ColumnData</Level>
  </FeatueExtractor>
  <FeatureExtractor>
    <ID>60daefb5-624c-406b-a1c4-0937f96de318</ID>
    <Version>3</Version>
    <Configuration>
      <File>
        <Url>/Files</Url>
        <FileName>BFMLBTeams.xml</FileName>
        <HashType>SHA256</HashType>
        <Hash>687C224D3D968038F415484BA830FAC919F00F6FA251551AC121CB39727B11EC</Hash>
        <Size>2055</Size>
      </File>
    </Configuration>
    <Features>
      <FeatureInfo>
        <FeatureID>79f512f6-d73c-4d3a-a274-dba96747da6a</FeatureID>
        <MinWeight>0.3</MinWeight>
      </FeatureInfo>
    </Features>
    <Type>BloomierFilter</Type>
    <Level>ColumnData</Level>
  </FeatureExtractor>
  <FeatureExtractor>
    <ID>636be55f-1204-4269-98bf-2a8fd9a4274f</ID>
    <Version>3</Version>
    <Configuration>
      <File>
        <Url>/Files</Url>
        <FileName>BFUSHospitals.xml</FileName>
        <HashType>SHA256</HashType>
        <Hash>E093F158E986CA5EA547AEFEC6DAA3D5C63E1C5DFF39F3C5ADAFC710B87E3B2B</Hash>
        <Size>12956</Size>
      </File>
    </Configuration>
    <Features>
      <FeatureInfo>
        <FeatureID>331bf6a1-6eab-40da-adb9-c1314ba6dc56</FeatureID>
        <MinWeight>0.3</MinWeight>
      </FeatureInfo>
    </Features>
    <Type>BloomierFilter</Type>
    <Level>ColumnData</Level>
  </FeatureExtractor>
  <FeatureExtractor>
    <ID>3b4ff430-6a2c-4bef-bf39-2d97def75bef</ID>
    <Version>3</Version>
    <Configuration>
      <File>
        <Url>/Files</Url>
        <FileName>BFUSState.xml</FileName>
        <HashType>SHA256</HashType>
        <Hash>319B62D107C597CDEC780920213680CDB924D0B4190649F7292DE8F00C7E48F2</Hash>
        <Size>875</Size>
      </File>
    </Configuration>
    <Features>
      <FeatureInfo>
        <FeatureID>936576f2-74dd-4c7f-9388-2104cbfda983</FeatureID>
        <MinWeight>0.3</MinWeight>
      </FeatureInfo>
    </Features>
    <Type>BloomierFilter</Type>
    <Level>ColumnData</Level>
  </FeatureExtractor>
  <FeatureExtractor>
    <ID>552095ac-adf6-462a-90d7-316a3b925441</ID>
    <Version>3</Version>
    <Configuration>
      <File>
        <Url>/Files</Url>
        <FileName>BFPharmaDrugs.xml</FileName>
        <HashType>SHA256</HashType>
        <Hash>C72A534FCE76026FC3B7814AA4B7E43247D9ED425B3D1B1D0F689FA36EDC66CD</Hash>
        <Size>55197</Size>
      </File>
    </Configuration>
    <Features>
      <FeatureInfo>
        <FeatureID>f41b0093-dafe-4be0-b9f2-33929611ae07</FeatureID>
        <MinWeight>0.3</MinWeight>
      </FeatureInfo>
    </Features>
    <Type>BloomierFilter</Type>
    <Level>ColumnData</Level>
  </FeatureExtractor>
  <FeatureExtractor>
    <ID>a1a5f8ff-7cf0-4907-9e90-545522d98334</ID>
    <Version>3</Version>
    <Configuration>
      <File>
        <Url>/Files</Url>
        <FileName>BFStockSymbols.xml</FileName>
        <HashType>SHA256</HashType>
        <Hash>F7DBD2F2085656BA98486DA38F5262AD034E3278524197226B409C237A49F719</Hash>
        <Size>17933</Size>
      </File>
    </Configuration>
    <Features>
      <FeatureInfo>
        <FeatureID>cf3a9123-99ad-4555-9095-f7e9462afd87</FeatureID>
        <MinWeight>0.4</MinWeight>
      </FeatureInfo>
    </Features>
    <Type>BloomierFilter</Type>
    <Level>ColumnData</Level>
  </FeatureExtractor>
  <FeatureExtractor>
    <ID>95663565-bcd6-4c60-a365-55a49db2b0d8</ID>
    <Version>3</Version>
    <Configuration>
      <File>
        <Url>/Files</Url>
        <FileName>BFUSUniversities.xml</FileName>
        <HashType>SHA256</HashType>
        <Hash>146A96F7D01AC96FC763C66E557160A70BF4F8B2A427BCE1D3B62A42F27D03C2</Hash>
        <Size>56261</Size>
      </File>
    </Configuration>
    <Features>
      <FeatureInfo>
        <FeatureID>d9a5855e-d726-46ee-8431-911bd812e4ce</FeatureID>
        <MinWeight>0.3</MinWeight>
      </FeatureInfo>
    </Features>
    <Type>BloomierFilter</Type>
    <Level>ColumnData</Level>
  </FeatureExtractor>
  <FeatureExtractor>
    <ID>9db2b722-a96e-4985-878d-58901b324dae</ID>
    <Version>3</Version>
    <Configuration>
      <File>
        <Url>/Files</Url>
        <FileName>BFCountry.xml</FileName>
        <HashType>SHA256</HashType>
        <Hash>E034D9471E32F1F958BB3AE95A3FA36A2433987153EF41B33899BBAAC65C5930</Hash>
        <Size>69160</Size>
      </File>
    </Configuration>
    <Features>
      <FeatureInfo>
        <FeatureID>4fc86a7b-6daa-4d8e-9f1a-6aac90c6fc4a</FeatureID>
        <MinWeight>0.3</MinWeight>
      </FeatureInfo>
    </Features>
    <Type>BloomierFilter</Type>
    <Level>ColumnData</Level>
  </FeatureExtractor>
  <FeatureExtractor>
    <ID>859a3e2e-a2be-4108-a0d3-8df53fb2f2c3</ID>
    <Version>3</Version>
    <Configuration>
      <File>
        <Url>/Files</Url>
        <FileName>BFUSCity.xml</FileName>
        <HashType>SHA256</HashType>
        <Hash>B31D3E6BD9F75E239FC3EC53A782A2FA0515DF436E61DDDD88467F48201935F1</Hash>
        <Size>39870</Size>
      </File>
    </Configuration>
    <Features>
      <FeatureInfo>
        <FeatureID>51c88df7-586b-4836-9312-4c2ef4d61270</FeatureID>
        <MinWeight>0.3</MinWeight>
      </FeatureInfo>
    </Features>
    <Type>BloomierFilter</Type>
    <Level>ColumnData</Level>
  </FeatureExtractor>
  <FeatureExtractor>
    <ID>4c30ddaf-c848-477c-a897-8ffd6361f0d2</ID>
    <Version>3</Version>
    <Configuration>
      <File>
        <Url>/Files</Url>
        <FileName>BFCompany.xml</FileName>
        <HashType>SHA256</HashType>
        <Hash>9608BE04CDA69A6A31E4296F78DCD0BCDF558FF7F4F05D730B0191C02AB623F6</Hash>
        <Size>147347</Size>
      </File>
    </Configuration>
    <Features>
      <FeatureInfo>
        <FeatureID>780ffa5e-d714-4401-b89c-401ef6993c6e</FeatureID>
        <MinWeight>0.3</MinWeight>
      </FeatureInfo>
    </Features>
    <Type>BloomierFilter</Type>
    <Level>ColumnData</Level>
  </FeatureExtractor>
  <FeatureExtractor>
    <ID>8ee4bc10-5512-482d-a1e7-a81c18f62e76</ID>
    <Version>3</Version>
    <Configuration>
      <File>
        <Url>/Files</Url>
        <FileName>BFActors.xml</FileName>
        <HashType>SHA256</HashType>
        <Hash>3DA175EBA8B8C97BBFCBF318AB10E0AABD656A265BF0D14F96BE115C49A57DDC</Hash>
        <Size>7648</Size>
      </File>
    </Configuration>
    <Features>
      <FeatureInfo>
        <FeatureID>84564cb3-6983-4010-9986-69d1e1ddc280</FeatureID>
        <MinWeight>0.3</MinWeight>
      </FeatureInfo>
    </Features>
    <Type>BloomierFilter</Type>
    <Level>ColumnData</Level>
  </FeatureExtractor>
  <FeatureExtractor>
    <ID>c9e427c1-da45-4e8f-9862-b92f0037a18c</ID>
    <Version>3</Version>
    <Configuration>
      <File>
        <Url>/Files</Url>
        <FileName>BFUSZip.xml</FileName>
        <HashType>SHA256</HashType>
        <Hash>94E56EEE9FA5EBE91D2B5DE77C42C2125671A75AFC244015D29A8FC1B6281B0A</Hash>
        <Size>123377</Size>
      </File>
    </Configuration>
    <Features>
      <FeatureInfo>
        <FeatureID>dde6dfd2-042a-4529-a936-af241c3003e6</FeatureID>
        <MinWeight>0.3</MinWeight>
      </FeatureInfo>
    </Features>
    <Type>BloomierFilter</Type>
    <Level>ColumnData</Level>
  </FeatureExtractor>
  <FeatureExtractor>
    <ID>d04ad8bd-413b-4c0f-99e4-d3b5c6c0bce9</ID>
    <Version>3</Version>
    <Configuration>
      <File>
        <Url>/Files</Url>
        <FileName>BFMedCondition.xml</FileName>
        <HashType>SHA256</HashType>
        <Hash>1C2F51E46ED69CB33E836C2D45915A109589695BE81BDA9394102A0388D1B500</Hash>
        <Size>51545</Size>
      </File>
    </Configuration>
    <Features>
      <FeatureInfo>
        <FeatureID>8b0a8a3f-5919-479c-a10f-39aa75b416ed</FeatureID>
        <MinWeight>0.3</MinWeight>
      </FeatureInfo>
    </Features>
    <Type>BloomierFilter</Type>
    <Level>ColumnData</Level>
  </FeatureExtractor>
  <FeatureExtractor>
    <ID>760ec29e-2422-4461-a57e-d1c95a8ad4aa</ID>
    <Version>3</Version>
    <Configuration>
      <File>
        <Url>/Files</Url>
        <FileName>BFPoliticians.xml</FileName>
        <HashType>SHA256</HashType>
        <Hash>B5E21D127CE10D01282C04BBC8C698DC8A23E74E22008F7647E34AA85E3C7630</Hash>
        <Size>5660</Size>
      </File>
    </Configuration>
    <Features>
      <FeatureInfo>
        <FeatureID>8ec37ab2-0755-44fb-b1da-f2a0487ed691</FeatureID>
        <MinWeight>0.3</MinWeight>
      </FeatureInfo>
    </Features>
    <Type>BloomierFilter</Type>
    <Level>ColumnData</Level>
  </FeatureExtractor>
  <FeatureExtractor>
    <ID>6814df86-addd-45be-aa51-f1c122cb88ff</ID>
    <Version>3</Version>
    <Configuration>
      <File>
        <Url>/Files</Url>
        <FileName>BFMusicians.xml</FileName>
        <HashType>SHA256</HashType>
        <Hash>15D22C57B7495918C26D6710B81A501FB231DF6E26FD0CF8774FAC75B74A4029</Hash>
        <Size>10924</Size>      
      </File>
    </Configuration>
    <Features>
      <FeatureInfo>
        <FeatureID>11c2093f-9a1e-4d6e-b0c0-75c691a18308</FeatureID>
        <MinWeight>0.3</MinWeight>
      </FeatureInfo>
    </Features>
    <Type>BloomierFilter</Type>
    <Level>ColumnData</Level>
  </FeatureExtractor>
  <FeatureExtractor>
    <ID>c77e0c44-c459-4f3a-b5d7-f5a340cfaa1d</ID>
    <Version>3</Version>
    <Configuration>
      <File>
        <Url>/Files</Url>
        <FileName>USZipSchema.txt</FileName>
        <HashType>SHA256</HashType>
        <Hash>5758A5387B1F3FE11B81739DE59C4D977224554DFB32F738E58A8E16CF7AF5A4</Hash>
        <Size>81</Size>
      </File>
    </Configuration>
    <Features>
      <FeatureInfo>
        <FeatureID>687af80a-f2fe-4f06-9d66-e9acf8e93b46</FeatureID>
        <MinWeight>0.3</MinWeight>
      </FeatureInfo>
    </Features>
    <Type>Dictionary</Type>
    <Level>ColumnSchema</Level>
  </FeatureExtractor>
  <FeatureExtractor>
    <ID>e5e73c53-34be-4d4f-a99a-eb5622e41e9a</ID>
    <Version>3</Version>
    <Configuration>
      <File>
        <Url>/Files</Url>
        <FileName>CitySchema.txt</FileName>
        <HashType>SHA256</HashType>
        <Hash>353EA7F493F95C81176B48DB6B0EBFA7001CDAC5769DB704722073D969C17D17</Hash>
        <Size>193</Size>
      </File>
    </Configuration>
    <Features>
      <FeatureInfo>
        <FeatureID>e08150b9-d803-4528-9842-10df8452c069</FeatureID>
        <MinWeight>0.3</MinWeight>
      </FeatureInfo>
    </Features>
    <Type>Dictionary</Type>
    <Level>ColumnSchema</Level>
  </FeatureExtractor>
  <FeatureExtractor>
    <ID>94c1d668-5486-4018-84fd-d441ed14cbbc</ID>
    <Version>3</Version>
    <Configuration>
      <File>
        <Url>/Files</Url>
        <FileName>Continent.txt</FileName>
        <HashType>SHA256</HashType>
        <Hash>9A24224E68A7FD34211FDD8A1735042483CACA032D1CA4BCE54623982905001D</Hash>       
        <Size>1295</Size>
      </File>
    </Configuration>
    <Features>
      <FeatureInfo>
        <FeatureID>d63b864d-7fcd-4ba7-b9da-5b0645917deb</FeatureID>
        <MinWeight>0.3</MinWeight>
      </FeatureInfo>
    </Features>
    <Type>Dictionary</Type>
    <Level>ColumnData</Level>
  </FeatureExtractor>
  <FeatureExtractor>
    <ID>7cd16398-d2cc-4c4a-8c82-89a996736012</ID>
    <Version>3</Version>
    <Configuration>
      <File>
        <Url>/Files</Url>
        <FileName>CountySchema.txt</FileName>
        <HashType>SHA256</HashType>
        <Hash>BAA7EA86795F54BE9A3271A0C41763E6B93C452790917E9EE0DE42E7C68801D5</Hash>
        <Size>122</Size>
      </File>
    </Configuration>
    <Features>
      <FeatureInfo>
        <FeatureID>85bcfe4e-b97f-46d8-818b-db7337fce9d6</FeatureID>
        <MinWeight>0.3</MinWeight>
      </FeatureInfo>
    </Features>
    <Type>Dictionary</Type>
    <Level>ColumnSchema</Level>
  </FeatureExtractor>
  <FeatureExtractor>
    <ID>91b86770-018b-4ec5-b616-62a7b66c0a6d</ID>
    <Version>3</Version>
    <Configuration>
      <File>
        <Url>/Files</Url>
        <FileName>DateEuroSchema.txt</FileName>
        <HashType>SHA256</HashType>
        <Hash>D443100B47CF97C5F2C290568724F192A40BB463C0A9EA49BB30B5D301E904E2</Hash>
        <Size>240</Size>
      </File>
    </Configuration>
    <Features>
      <FeatureInfo>
        <FeatureID>6cad5b18-789b-4ca9-865b-f3795034c3d5</FeatureID>
        <MinWeight>0.3</MinWeight>
      </FeatureInfo>
    </Features>
    <Type>Dictionary</Type>
    <Level>ColumnSchema</Level>
  </FeatureExtractor>
  <FeatureExtractor>
    <ID>b44179e4-16d9-42d4-8b9d-723c734f4dc2</ID>
    <Version>3</Version>
    <Configuration>
      <File>
        <Url>/Files</Url>
        <FileName>ISBNSchema.txt</FileName>
        <HashType>SHA256</HashType>
        <Hash>6C5AFA6021C0DC6F2FCCD5AE29D25A04E1ABF0E7D238F968C9F72C1FE2C5D0F3</Hash>
        <Size>261</Size>
      </File>
    </Configuration>
    <Features>
      <FeatureInfo>
        <FeatureID>26a24806-3a14-441b-8ec6-c9d77d932809</FeatureID>
        <MinWeight>0.3</MinWeight>
      </FeatureInfo>
    </Features>
    <Type>Dictionary</Type>
    <Level>ColumnSchema</Level>
  </FeatureExtractor>
  <FeatureExtractor>
    <ID>85d64701-9f1a-4222-b3d3-7befb610b66c</ID>
    <Version>3</Version>
    <Configuration>
      <File>
        <Url>/Files</Url>
        <FileName>CompanySchema.txt</FileName>
        <HashType>SHA256</HashType>
        <Hash>AC270F461894F5740CA82B594CB0549208443F75A99217E4BA0C2C600FE004E2</Hash>
        <Size>248</Size>
      </File>
    </Configuration>
    <Features>
      <FeatureInfo>
        <FeatureID>73804697-a938-49df-924c-2c6e28b983eb</FeatureID>
        <MinWeight>0.3</MinWeight>
      </FeatureInfo>
    </Features>
    <Type>Dictionary</Type>
    <Level>ColumnSchema</Level>
  </FeatureExtractor>
  <FeatureExtractor>
    <ID>451472c0-1229-4513-a6d0-4d11397fe106</ID>
    <Version>3</Version>
    <Configuration>
      <File>
        <Url>/Files</Url>
        <FileName>PhoneNumberDutchSchema.txt</FileName>
        <HashType>SHA256</HashType>
        <Hash>D7E61A5B50BF5DC0003ED9409282F36F9F53D51F7DB294AD116E08503EAC1248</Hash>
        <Size>170</Size>
      </File>
    </Configuration>
    <Features>
      <FeatureInfo>
        <FeatureID>01cc190a-a24b-435e-8b92-437f4c235563</FeatureID>
        <MinWeight>0.3</MinWeight>
      </FeatureInfo>
    </Features>
    <Type>Dictionary</Type>
    <Level>ColumnSchema</Level>
  </FeatureExtractor>
  <FeatureExtractor>
    <ID>d97a0191-f0a3-4224-bafd-4ff8bc5959b8</ID>
    <Version>3</Version>
    <Configuration>
      <File>
        <Url>/Files</Url>
        <FileName>StateSchema.txt</FileName>
        <HashType>SHA256</HashType>
        <Hash>27A90DD91A569D157E287AA2F2DD97E6B5BAF851844A03CA07F5AEEABD048C4E</Hash>
        <Size>106</Size>
      </File>
    </Configuration>
    <Features>
      <FeatureInfo>
        <FeatureID>3dbe8200-17d2-4c10-a9f8-313fa18a0821</FeatureID>
        <MinWeight>0.3</MinWeight>
      </FeatureInfo>
    </Features>
    <Type>Dictionary</Type>
    <Level>ColumnSchema</Level>
  </FeatureExtractor>
  <FeatureExtractor>
    <ID>e9bbd9cf-4197-41a1-9bfe-3992620e066b</ID>
    <Version>3</Version>
    <Configuration>
      <File>
        <Url>/Files</Url>
        <FileName>AddressSchema.txt</FileName>
        <HashType>SHA256</HashType>
        <Hash>4CDD7FEF2EF4582AE252E05E5BEB783348DE3E88DF1267EBDC0398A86B1BCC1F</Hash>
        <Size>353</Size>
      </File>
    </Configuration>
    <Features>
      <FeatureInfo>
        <FeatureID>e8a6f0ca-06a4-42c7-93f1-2b5c3020e4de</FeatureID>
        <MinWeight>0.3</MinWeight>
      </FeatureInfo>
    </Features>
    <Type>Dictionary</Type>
    <Level>ColumnSchema</Level>
  </FeatureExtractor>
  <FeatureExtractor>
    <ID>3c4e4826-3dea-4dba-8783-3e5ab3041d83</ID>
    <Version>3</Version>
    <Configuration>
      <File>
        <Url>/Files</Url>
        <FileName>CountrySchema.txt</FileName>
        <HashType>SHA256</HashType>
        <Hash>786727E2E76689736A6E7044E7245493E87F867E32DB40E81C72375CCB428CB4</Hash>
        <Size>145</Size>
      </File>
    </Configuration>
    <Features>
      <FeatureInfo>
        <FeatureID>1c6a8e9d-073d-42ee-8745-f416e09344d0</FeatureID>
        <MinWeight>0.3</MinWeight>
      </FeatureInfo>
    </Features>
    <Type>Dictionary</Type>
    <Level>ColumnSchema</Level>
  </FeatureExtractor>
  <FeatureExtractor>
    <ID>4eead807-4545-447d-acdf-425d700598f6</ID>
    <Version>3</Version>
    <Configuration>
      <File>
        <Url>/Files</Url>
        <FileName>SSNSchema.txt</FileName>
        <HashType>SHA256</HashType>
        <Hash>EB884B6911FE373AE9CB4B3A7C0F5A825AF6273ED44AE14E7F6D76383361CC83</Hash>
        <Size>123</Size>
      </File>
    </Configuration>
    <Features>
      <FeatureInfo>
        <FeatureID>79cc239c-8d52-4400-8c47-b47447a95c91</FeatureID>
        <MinWeight>0.3</MinWeight>
      </FeatureInfo>
    </Features>
    <Type>Dictionary</Type>
    <Level>ColumnSchema</Level>
  </FeatureExtractor>
  <FeatureExtractor>
    <ID>89650a20-b086-4170-8710-30faa5c38827</ID>
    <Version>3</Version>
    <Configuration>
      <File>
        <Url>/Files</Url>
        <FileName>FeetAndInchesSchema.txt</FileName>
        <HashType>SHA256</HashType>
        <Hash>F3515F85B17628C3686D8CEB8D789A3C1D5FF72E2794BEA49353538E98038B11</Hash>
        <Size>106</Size>
      </File>
    </Configuration>
    <Features>
      <FeatureInfo>
        <FeatureID>b86e182e-14a5-4486-bbb2-9a5fed0d6059</FeatureID>
        <MinWeight>0.3</MinWeight>
      </FeatureInfo>
    </Features>
    <Type>Dictionary</Type>
    <Level>ColumnSchema</Level>
  </FeatureExtractor>

    <FeatureExtractor>
        <ID>8EF0B274-4158-4B11-AE5B-7DB745F0361E</ID>
        <Version>1</Version>
        <Configuration>
            <Data>ProductUPCA</Data>-->
        </Configuration>
        <Features>
            <FeatureInfo>
                <FeatureID>3cc4ba20-610e-4e79-8383-4f51b9d914da</FeatureID>
                <MinWeight>0.2</MinWeight>
            </FeatureInfo>
        </Features>
        <Type>CheckDigitValidator</Type>
        <Level>ColumnData</Level>
        <SubFeatureExtractor>true</SubFeatureExtractor>
    </FeatureExtractor>
    <FeatureExtractor>
    <ID>8699e39c-5f9b-4b8c-bda2-2ae27ad718c7</ID>
    <Version>3</Version>
    <Configuration>
      <Data>
<![CDATA[
        <HybridConfiguration xmlns="http://schemas.microsoft.com/sqlserver/2012/01/DataClassificationAndRecommendations">
          <Expression>(?'upca'^\d{6}\-?\d{6}$)</Expression>
          <Options />
          <SubFeatureExtractors>
            <HybridSubFeatureExtractor>
              <ID>8EF0B274-4158-4B11-AE5B-7DB745F0361E</ID>
              <GroupName>upca</GroupName>
          </HybridSubFeatureExtractor>
          </SubFeatureExtractors>
          <IncludeSubFeatures>false</IncludeSubFeatures>
        </HybridConfiguration>
          ]]>
      </Data>
    </Configuration>
    <Features>
      <FeatureInfo>
        <FeatureID>3cc4ba20-610e-4e79-8383-4f51b9d914da</FeatureID>
        <MinWeight>0.2</MinWeight>
      </FeatureInfo>
    </Features>
    <Type>Hybrid</Type>
    <Level>ColumnData</Level>
  </FeatureExtractor>
  <FeatureExtractor>
    <ID>5dc1e7ed-5aa2-4137-84b5-4a2e0e3d53a9</ID>
    <Version>3</Version>
    <Configuration>
      <Data>
<![CDATA[
        <HybridConfiguration xmlns="http://schemas.microsoft.com/sqlserver/2012/01/DataClassificationAndRecommendations">
          <Expression>^(?'city'[A-Za-z\s]*),?\s?(?'state'[\sA-Za-z]+|[A-Za-z]{2})$</Expression>
          <Options />
          <SubFeatureExtractors>
            <HybridSubFeatureExtractor>
              <ID>859A3E2E-A2BE-4108-A0D3-8DF53FB2F2C3</ID>
              <GroupName>city</GroupName>
          </HybridSubFeatureExtractor>
            <HybridSubFeatureExtractor>
              <ID>3B4FF430-6A2C-4BEF-BF39-2D97DEF75BEF</ID>
              <GroupName>state</GroupName>
          </HybridSubFeatureExtractor>
          </SubFeatureExtractors>
          <IncludeSubFeatures>false</IncludeSubFeatures>
        </HybridConfiguration>
]]>
      </Data>
    </Configuration>
    <Features>
      <FeatureInfo>
        <FeatureID>95e69638-8fd6-4881-997b-d71228b2062d</FeatureID>
        <MinWeight>0.2</MinWeight>
      </FeatureInfo>
    </Features>
    <Type>Hybrid</Type>
    <Level>ColumnData</Level>
  </FeatureExtractor>

    <FeatureExtractor>
        <ID>4A9B483C-C944-41FF-A032-158568E875DB</ID>
        <Version>1</Version>
        <Configuration>
            <Data>ISBN</Data>
        </Configuration>
        <Features>
            <FeatureInfo>
                <FeatureID>FB918D31-5A0D-41DF-8706-535A1FDFAEFE</FeatureID>
                <MinWeight>0.2</MinWeight>
            </FeatureInfo>
        </Features>
        <Type>CheckDigitValidator</Type>
        <Level>ColumnData</Level>
        <SubFeatureExtractor>true</SubFeatureExtractor>
    </FeatureExtractor>
    
    <FeatureExtractor>
    <ID>a1384fcb-c36e-4332-8287-ca3a6e4096ec</ID>
    <Version>3</Version>
    <Configuration>
      <Data>
<![CDATA[
        <HybridConfiguration xmlns="http://schemas.microsoft.com/sqlserver/2012/01/DataClassificationAndRecommendations">
          <Expression>^(ISBN\s)?(?'isbn'[-0-9xX ]{10,13}$)</Expression>
          <Options />
          <SubFeatureExtractors>
            <HybridSubFeatureExtractor>
              <ID>4A9B483C-C944-41FF-A032-158568E875DB</ID>
              <GroupName>isbn</GroupName>
          </HybridSubFeatureExtractor>
          </SubFeatureExtractors>
          <IncludeSubFeatures>false</IncludeSubFeatures>
        </HybridConfiguration>
]]>        
      </Data>
    </Configuration>
    <Features>
      <FeatureInfo>
        <FeatureID>fb918d31-5a0d-41df-8706-535a1fdfaefe</FeatureID>
        <MinWeight>0.2</MinWeight>
      </FeatureInfo>
    </Features>
    <Type>Hybrid</Type>
    <Level>ColumnData</Level>
  </FeatureExtractor>

    <FeatureExtractor>
        <ID>3fb43217-d1d5-4eac-ac30-fa032e44688a</ID>
        <Version>1</Version>
        <Configuration>
            <File>
                <Url>/files</Url>
                <FileName>CardType.xml</FileName>
                <Hash>82DAFD240EF74C43B757C3C0CC3F19A78B65377A42A410C47F9DC22B6361B7A6</Hash>
                <HashType>SHA256</HashType>
                <Size>5834</Size>
            </File>
        </Configuration>
        <Features>
            <FeatureInfo>
                <FeatureID>39CE9756-F937-483F-AE19-474D9C32666B</FeatureID>
                <MinWeight>0.3</MinWeight>
            </FeatureInfo>
            <FeatureInfo>
                <FeatureID>70045CFB-33E8-4861-A436-643478AF21E8</FeatureID>
                <MinWeight>0.3</MinWeight>
            </FeatureInfo>
            <FeatureInfo>
                <FeatureID>06FB9A40-46BA-47F6-9D91-D1E5CC2A062E</FeatureID>
                <MinWeight>0.3</MinWeight>
            </FeatureInfo>
            <FeatureInfo>
                <FeatureID>06819934-D591-450D-BD81-CBE39DC9506E</FeatureID>
                <MinWeight>0.3</MinWeight>
            </FeatureInfo>
            <FeatureInfo>
                <FeatureID>574CB7DC-7239-46A0-BEF6-F1DE772471A7</FeatureID>
                <MinWeight>0.3</MinWeight>
            </FeatureInfo>
            <FeatureInfo>
                <FeatureID>D5E1ED13-CD00-4D95-88D5-710F13C853E0</FeatureID>
                <MinWeight>0.3</MinWeight>
            </FeatureInfo>
            <FeatureInfo>
                <FeatureID>06406650-5180-4504-AC38-EE56203FA929</FeatureID>
                <MinWeight>0.3</MinWeight>
            </FeatureInfo>
            <FeatureInfo>
                <FeatureID>D06C41FA-8C93-4864-B50D-8E44FE2E37F3</FeatureID>
                <MinWeight>0.3</MinWeight>
            </FeatureInfo>
            <FeatureInfo>
                <FeatureID>EDCE8029-19F7-4929-8DDE-6E8BF6B32CB5</FeatureID>
                <MinWeight>0.3</MinWeight>
            </FeatureInfo>
            <FeatureInfo>
                <FeatureID>BE63B508-3C2A-47ED-970D-A5BBE5BFFE02</FeatureID>
                <MinWeight>0.3</MinWeight>
            </FeatureInfo>
            <FeatureInfo>
                <FeatureID>76BE3072-5C75-48C3-85BB-7DC8B4BFA085</FeatureID>
                <MinWeight>0.3</MinWeight>
            </FeatureInfo>
            <FeatureInfo>
                <FeatureID>BE26439A-9241-403A-86C2-B0E63BA01CF6</FeatureID>
                <MinWeight>0.3</MinWeight>
            </FeatureInfo>
            <FeatureInfo>
                <FeatureID>23F83BB1-A1EB-4DAF-A065-C307A6E9CD59</FeatureID>
                <MinWeight>0.3</MinWeight>
            </FeatureInfo>
            <FeatureInfo>
                <FeatureID>03639180-0C80-460B-A2EE-3F7CF916263C</FeatureID>
                <MinWeight>0.3</MinWeight>
            </FeatureInfo>
            <FeatureInfo>
                <FeatureID>383D778B-00EF-4F1B-9A6F-AC5F400D1EB6</FeatureID>
                <MinWeight>0.3</MinWeight>
            </FeatureInfo>
        </Features>
        <Type>CreditCard</Type>
        <Level>ColumnData</Level>
        <SubFeatureExtractor>true</SubFeatureExtractor>
    </FeatureExtractor>

    <FeatureExtractor>
    <ID>cc1c83eb-fe18-482e-b861-fc4fd283d8fd</ID>
    <Version>3</Version>
    <Configuration>
      <Data>
<![CDATA[          
        <HybridConfiguration xmlns="http://schemas.microsoft.com/sqlserver/2012/01/DataClassificationAndRecommendations">
          <Expression>(?&lt;creditcard&gt;^((4|5)\d{3}[ -]?\d{4}[ -]?\d{4}[ -]?\d{4}|(4|5)\d{15})|((6011)-?\d{4}[ -]?\d{4}[ -]?\d{4}|(6011)[ -]?\d{12})|(((3\d{3}))[ -]\d{6}[ -]\d{5}|^((3\d{14,15})))|(62\d{14})|((300|301|302|303|304|305)\d{11})|((2014|2049)\d{11})|(36\d{12})|(35\d{13})$)</Expression>
          <Options />
          <SubFeatureExtractors>
            <HybridSubFeatureExtractor>
              <ID>3fb43217-d1d5-4eac-ac30-fa032e44688a</ID>
              <GroupName>creditcard</GroupName>
            </HybridSubFeatureExtractor>
          </SubFeatureExtractors>
          <IncludeSubFeatures>true</IncludeSubFeatures>
        </HybridConfiguration>
]]>
      </Data>
    </Configuration>
    <Features>
      <FeatureInfo>
        <FeatureID>f786b1ce-8985-4df1-857f-5a34fc0ebc47</FeatureID>
        <MinWeight>0.2</MinWeight>
      </FeatureInfo>
    </Features>
    <Type>Hybrid</Type>
    <Level>ColumnData</Level>
  </FeatureExtractor>
  <FeatureExtractor>
    <ID>87be8b24-b9b2-40e9-bdd9-a6ce50546fb9</ID>
    <Version>3</Version>
    <Configuration>
      <Data>
        <![CDATA[
        <HybridConfiguration xmlns="http://schemas.microsoft.com/sqlserver/2012/01/DataClassificationAndRecommendations">
          <Expression>^(?'zip'[0-9]{5})-[0-9]{4}$</Expression>
          <Options />
          <SubFeatureExtractors>
            <HybridSubFeatureExtractor>
              <ID>C9E427C1-DA45-4E8F-9862-B92F0037A18C</ID>
              <GroupName>zip</GroupName>
          </HybridSubFeatureExtractor>
          </SubFeatureExtractors>
          <IncludeSubFeatures>false</IncludeSubFeatures>
        </HybridConfiguration>
      ]]>
      </Data>
    </Configuration>
    <Features>
      <FeatureInfo>
        <FeatureID>b49a1a5d-1c1c-42f1-8e75-e14a7e5e0d66</FeatureID>
        <MinWeight>0.2</MinWeight>
      </FeatureInfo>
    </Features>
    <Type>Hybrid</Type>
    <Level>ColumnData</Level>
  </FeatureExtractor>
  <FeatureExtractor>
    <ID>97c6ccb8-5a99-4dfd-866e-ec23a2e2ebae</ID>
    <Version>3</Version>
    <Configuration>
      <Data>&lt;MimeTypes&gt;&lt;MimeType Type='image/x-png' FeatureID='3A43F7CE-A35B-43A6-9BCE-0288549FE80D' /&gt;&lt;MimeType Type='image/pjpeg' FeatureID='15057B99-105F-463E-A200-ED837F05C528' /&gt;&lt;/MimeTypes&gt;</Data>
    </Configuration>
    <Features>
      <FeatureInfo>
        <FeatureID>15057b99-105f-463e-a200-ed837f05c528</FeatureID>
        <MinWeight>0.5</MinWeight>
      </FeatureInfo>
      <FeatureInfo>
        <FeatureID>3a43f7ce-a35b-43a6-9bce-0288549fe80d</FeatureID>
        <MinWeight>0.5</MinWeight>
      </FeatureInfo>
    </Features>
    <Type>Mime</Type>
    <Level>ColumnData</Level>
  </FeatureExtractor>
  <FeatureExtractor>
    <ID>7bb35c39-ec3a-40a0-89c2-e4be472ac9a3</ID>
    <Version>3</Version>
    <Configuration>
      <Data>
        <![CDATA[
        <Regex xmlns="http://schemas.microsoft.com/sqlserver/2012/01/DataClassificationAndRecommendations" >
          <Expression>^(http|https|ftp|file)://.+\.(jpg|jpeg|bmp|png|tiff|Psd|xcf|crd|gif)$</Expression>
          <Options>
            <Option>IgnoreCase</Option>
            <Option>Compiled</Option>
          </Options>
        </Regex>
        ]]>
      </Data>
    </Configuration>
    <Features>
      <FeatureInfo>
        <FeatureID>0ee2ef46-7525-4f5e-8521-dab68fc68f02</FeatureID>
        <MinWeight>0.3</MinWeight>
      </FeatureInfo>
    </Features>
    <Type>RegEx</Type>
    <Level>ColumnData</Level>
  </FeatureExtractor>
  <FeatureExtractor>
    <ID>973ecd82-42bb-4b84-9998-81be1d3eaef4</ID>
    <Version>3</Version>
    <Configuration>
      <Data>
        <![CDATA[
        <Regex xmlns="http://schemas.microsoft.com/sqlserver/2012/01/DataClassificationAndRecommendations" >
          <Expression>^(http|https|ftp|file)://.+$(?&lt;!\.(jpg|jpeg|bmp|png|tiff|Psd|xcf|crd|gif))</Expression>
          <Options>
            <Option>IgnoreCase</Option>
            <Option>Compiled</Option>
          </Options>
        </Regex>
        ]]>
      </Data>
    </Configuration>
    <Features>
      <FeatureInfo>
        <FeatureID>15ae36d3-a7ce-460e-87eb-97eefc4099ca</FeatureID>
        <MinWeight>0.3</MinWeight>
      </FeatureInfo>
    </Features>
    <Type>RegEx</Type>
    <Level>ColumnData</Level>
  </FeatureExtractor>
  <FeatureExtractor>
    <ID>c9361451-1c21-4b71-846e-eedc85db1a81</ID>
    <Version>3</Version>
    <Configuration>
      <Data>
        <![CDATA[
        <Regex xmlns="http://schemas.microsoft.com/sqlserver/2012/01/DataClassificationAndRecommendations" >
          <Expression>^([a-zA-Z0-9_\-\.]+)@((\[[0-9]{1,3}\.[0-9]{1,3}\.[0-9]{1,3}\.)|(([a-zA-Z0-9\-]+\.)+))([a-zA-Z]{2,4}|[0-9]{1,3})(\]?)$</Expression>
          <Options></Options>
        </Regex>
        ]]>
      </Data>
    </Configuration>
    <Features>
      <FeatureInfo>
        <FeatureID>b47be76c-ec48-4756-b99a-94dcd4eadd4e</FeatureID>
        <MinWeight>0.3</MinWeight>
      </FeatureInfo>
    </Features>
    <Type>RegEx</Type>
    <Level>ColumnData</Level>
  </FeatureExtractor>
  <FeatureExtractor>
    <ID>c5cc52aa-3b60-42fb-a850-d338bd429839</ID>
    <Version>3</Version>
    <Configuration>
      <Data>
        <![CDATA[
        <Regex xmlns="http://schemas.microsoft.com/sqlserver/2012/01/DataClassificationAndRecommendations" >
          <Expression>^(25[0-5]|2[0-4][0-9]|[0-1]{1}[0-9]{2}|[1-9]{1}[0-9]{1}|[1-9])\.(25[0-5]|2[0-4][0-9]|[0-1]{1}[0-9]{2}|[1-9]{1}[0-9]{1}|[1-9]|0)\.(25[0-5]|2[0-4][0-9]|[0-1]{1}[0-9]{2}|[1-9]{1}[0-9]{1}|[1-9]|0)\.(25[0-5]|2[0-4][0-9]|[0-1]{1}[0-9]{2}|[1-9]{1}[0-9]{1}|[0-9])$</Expression>
          <Options></Options>
        </Regex>
        ]]>
      </Data>
   </Configuration>
    <Features>
      <FeatureInfo>
        <FeatureID>37519a69-2552-4adf-afe6-fa4f410574dd</FeatureID>
        <MinWeight>0.3</MinWeight>
      </FeatureInfo>
    </Features>
    <Type>RegEx</Type>
    <Level>ColumnData</Level>
  </FeatureExtractor>
  <FeatureExtractor>
    <ID>5fe6d2eb-1d48-447c-9c80-9f11dd73e0c3</ID>
    <Version>3</Version>
    <Configuration>
      <Data>
        <![CDATA[
        <Regex xmlns="http://schemas.microsoft.com/sqlserver/2012/01/DataClassificationAndRecommendations" >
          <Expression>^([0-9]{2})?(\([0-9]{2})\)([0-9]{3}|[0-9]{4})-[0-9]{4}$</Expression>
          <Options></Options>
        </Regex>
        ]]>
      </Data>
    </Configuration>
    <Features>
      <FeatureInfo>
        <FeatureID>8facedae-28c9-4c4e-baef-fbed36f1772f</FeatureID>
        <MinWeight>0.3</MinWeight>
      </FeatureInfo>
    </Features>
    <Type>RegEx</Type>
    <Level>ColumnData</Level>
  </FeatureExtractor>
  <FeatureExtractor>
    <ID>33749cd8-761e-4235-8c4e-7c5dc252e982</ID>
    <Version>3</Version>
    <Configuration>
      <Data>
        <![CDATA[
        <Regex xmlns="http://schemas.microsoft.com/sqlserver/2012/01/DataClassificationAndRecommendations" >
          <Expression>^\(?(?!000)[\d]{3}\)?[\s-.]?[\d]{3}[\s-.]?[\d]{4}$</Expression>
          <Options></Options>
        </Regex>
        ]]>
      </Data>
    </Configuration>
    <Features>
      <FeatureInfo>
        <FeatureID>04fd09be-8fe5-4ae6-9cec-0d900f7b7246</FeatureID>
        <MinWeight>0.3</MinWeight>
      </FeatureInfo>
    </Features>
    <Type>RegEx</Type>
    <Level>ColumnData</Level>
  </FeatureExtractor>
  <FeatureExtractor>
    <ID>6d24e3d7-27a3-4b22-b5a0-855f778b3b69</ID>
    <Version>3</Version>
    <Configuration>
      <Data>
        <![CDATA[
        <Regex xmlns="http://schemas.microsoft.com/sqlserver/2012/01/DataClassificationAndRecommendations" >
          <Expression>(^\+[0-9]{2}|^\+[0-9]{2}\(0\)|^\(\+[0-9]{2}\)\(0\)|^00[0-9]{2}|^0)([0-9]{9}$|[0-9\-\s]{10}$)</Expression>
          <Options></Options>
        </Regex>
        ]]>
      </Data>
   </Configuration>
    <Features>
      <FeatureInfo>
        <FeatureID>1470da6a-721a-426b-9aba-d676cae992bf</FeatureID>
        <MinWeight>0.3</MinWeight>
      </FeatureInfo>
    </Features>
    <Type>RegEx</Type>
    <Level>ColumnData</Level>
  </FeatureExtractor>
  <FeatureExtractor>
    <ID>aead017f-843a-4103-9cb5-1c6d6710a7fc</ID>
    <Version>3</Version>
    <Configuration>
      <Data>
        <![CDATA[
        <Regex xmlns="http://schemas.microsoft.com/sqlserver/2012/01/DataClassificationAndRecommendations" >
          <Expression>(^|\s)(00[1-9]|0[1-9]0|0[1-9][1-9]|[1-6]\d{2}|7[0-6]\d|77[0-2])(-?|[\. ])([1-9]0|0[1-9]|[1-9][1-9])\3(\d{3}[1-9]|[1-9]\d{3}|\d[1-9]\d{2}|\d{2}[1-9]\d)($|\s|[;:,!\.\?])</Expression>
          <Options></Options>
        </Regex>
        ]]>
      </Data>
   </Configuration>
    <Features>
      <FeatureInfo>
        <FeatureID>1f987eb6-5ddd-4b33-a91c-6a2866bfd17d</FeatureID>
        <MinWeight>0.3</MinWeight>
      </FeatureInfo>
    </Features>
    <Type>RegEx</Type>
    <Level>ColumnData</Level>
  </FeatureExtractor>
  <FeatureExtractor>
    <ID>655d88ce-4bf0-4016-9838-202219a38225</ID>
    <Version>3</Version>
    <Configuration>
      <Data>
        <![CDATA[
        <Regex xmlns="http://schemas.microsoft.com/sqlserver/2012/01/DataClassificationAndRecommendations" >
          <Expression>^\d{1,2}[\/-]\d{1,2}[\/-]\d{2,4}$</Expression>
          <Options></Options>
        </Regex>
        ]]>
      </Data>
    </Configuration>
    <Features>
      <FeatureInfo>
        <FeatureID>36028507-eb05-438c-bf79-7964062467c0</FeatureID>
        <MinWeight>0.4</MinWeight>
      </FeatureInfo>
    </Features>
    <Type>RegEx</Type>
    <Level>ColumnData</Level>
  </FeatureExtractor>
  <FeatureExtractor>
    <ID>aa34a312-61b1-4277-b435-234625096c4f</ID>
    <Version>3</Version>
    <Configuration>
      <Data>
        <![CDATA[
        <Regex xmlns="http://schemas.microsoft.com/sqlserver/2012/01/DataClassificationAndRecommendations" >
          <Expression>(^0[78][2347][0-9]{7})</Expression>
          <Options></Options>
        </Regex>
        ]]>
      </Data>
    </Configuration>
    <Features>
      <FeatureInfo>
        <FeatureID>a98d292c-ed43-4f19-a487-206d1d160a7d</FeatureID>
        <MinWeight>0.3</MinWeight>
      </FeatureInfo>
    </Features>
    <Type>RegEx</Type>
    <Level>ColumnData</Level>
  </FeatureExtractor>
  <FeatureExtractor>
    <ID>a9969238-df4b-4433-817f-2834c5a244ba</ID>
    <Version>3</Version>
    <Configuration>
      <Data>
        <![CDATA[
        <Regex xmlns="http://schemas.microsoft.com/sqlserver/2012/01/DataClassificationAndRecommendations" >
          <Expression>^(s-|S-){0,1}[0-9]{3}\s?[0-9]{2}$</Expression>
          <Options></Options>
        </Regex>
        ]]>
      </Data>
    </Configuration>
    <Features>
      <FeatureInfo>
        <FeatureID>1bbd4cb1-c10f-4ea4-b952-83b26e7eb96e</FeatureID>
        <MinWeight>0.3</MinWeight>
      </FeatureInfo>
    </Features>
    <Type>RegEx</Type>
    <Level>ColumnData</Level>
  </FeatureExtractor>
  <FeatureExtractor>
    <ID>3af45da5-7deb-4501-84d3-4712916df36c</ID>
    <Version>3</Version>
    <Configuration>
      <Data>
        <![CDATA[
        <Regex xmlns="http://schemas.microsoft.com/sqlserver/2012/01/DataClassificationAndRecommendations" >
          <Expression>^((\(?0\d{4}\)?\s*\d{6})|(\(?0\d{3}\)?\s*\d{3}\s*\d{4}))$</Expression>
          <Options></Options>
        </Regex>
        ]]>
      </Data>
    </Configuration>
    <Features>
      <FeatureInfo>
        <FeatureID>30c3b157-ebc7-47d7-bef5-96d3b46a40e2</FeatureID>
        <MinWeight>0.3</MinWeight>
      </FeatureInfo>
    </Features>
    <Type>RegEx</Type>
    <Level>ColumnData</Level>
  </FeatureExtractor>
  <FeatureExtractor>
    <ID>df158346-76d1-42ec-bbdc-32cf84d2f8ce</ID>
    <Version>3</Version>
    <Configuration>
      <Data>
        <![CDATA[
        <Regex xmlns="http://schemas.microsoft.com/sqlserver/2012/01/DataClassificationAndRecommendations" >
          <Expression>^[a-z]{2}[a-z0-9]{3}[7890][0-9][0-9]{5}$</Expression>
          <Options></Options>
        </Regex>
        ]]>
      </Data>
    </Configuration>
    <Features>
      <FeatureInfo>
        <FeatureID>9e0e48d4-8930-405b-a9de-eace0e45adf2</FeatureID>
        <MinWeight>0.4</MinWeight>
      </FeatureInfo>
    </Features>
    <Type>RegEx</Type>
    <Level>ColumnData</Level>
  </FeatureExtractor>
  <FeatureExtractor>
    <!-- The reglar express captures a variety of longitude formats (please refer to the testcase TestLatitudeLongitudeRegEx in LatitudeLongitudeTest.cs for positive and negative test cases).
        It starts with an optional letter (W/w, E/e), and three numbers (in ranges of [-180, +180], [0, 60], [0, 60], respectively, and separated by spaces or symbols of degree/minute/second), 
        and optionally ends with W/w, or E/e. The charactoer &#176; (unicode 00B0) is the degree symbol.
    -->
    <ID>2f2116e9-709b-4a13-884d-4649c90a2e94</ID>
    <Version>3</Version>
    <Configuration>
      <Data>
        <![CDATA[
        <Regex xmlns="http://schemas.microsoft.com/sqlserver/2012/01/DataClassificationAndRecommendations" >
          <Expression>^(w|e)?\s*(\-)?([0-9]|[0-9][0-9]|1[0-7][0-9]|180)(\u00B0|\s)\s*(([0-9]|[0-5][0-9]|60)('|\s)\s*)?(([0-9]|[0-5][0-9]|60)("|\s{0,1}|\.\d*)\s*)?(w|e)?$</Expression>
          <Options>
            <Option>Compiled</Option>
            <Option>IgnoreCase</Option>
          </Options>
        </Regex>
        ]]>
      </Data>
    </Configuration>
    <Features>
      <FeatureInfo>
        <FeatureID>31a9fa4f-65c1-4643-a879-f888598929db</FeatureID>
        <MinWeight>0.3</MinWeight>
      </FeatureInfo>
    </Features>
    <Type>RegEx</Type>
    <Level>ColumnData</Level>
  </FeatureExtractor>
  <FeatureExtractor>
    <ID>9aa39e84-353d-4ad9-a167-f0a075adc833</ID>
    <Version>3</Version>
    <Configuration>
      <Data>
        <![CDATA[
        <Regex xmlns="http://schemas.microsoft.com/sqlserver/2012/01/DataClassificationAndRecommendations" >
          <Expression>^(n|s)?\s*(\-)?([0-9]|[0-8][0-9]|90)(\u00B0|\s)\s*(([0-9]|[0-5][0-9]|60)('|\s)\s*)?(([0-9]|[0-5][0-9]|60)("|\s{0,1}|\.\d*)\s*)?(n|s)?$</Expression>
          <Options>
            <Option>Compiled</Option>
            <Option>IgnoreCase</Option>
          </Options>
        </Regex>
        ]]>
      </Data>
    </Configuration>
    <Features>
      <FeatureInfo>
        <FeatureID>7cf3d15f-253f-4e52-b9fc-ca5e252577a4</FeatureID>
        <MinWeight>0.3</MinWeight>
      </FeatureInfo>
    </Features>
    <Type>RegEx</Type>
    <Level>ColumnData</Level>
  </FeatureExtractor>
  <FeatureExtractor>
    <ID>b4ed4c6a-aa47-4f9e-8fce-335395f2c3fd</ID>
    <Version>3</Version>
    <Configuration>
      <Data>
        <![CDATA[
        <Regex xmlns="http://schemas.microsoft.com/sqlserver/2012/01/DataClassificationAndRecommendations" >
          <Expression>^[abceghjklmnprstvxy][0-9][abceghjklmnprstvwxyz] {0,1}[0-9][abceghjklmnprstvwxyz][0-9]$</Expression>
          <Options>
            <Option>IgnoreCase</Option>
            <Option>Compiled</Option>
          </Options>
        </Regex>
        ]]>
      </Data>
    </Configuration>
    <Features>
      <FeatureInfo>
        <FeatureID>32c7fd3f-195f-40ce-a597-45cf6dee0697</FeatureID>
        <MinWeight>0.3</MinWeight>
      </FeatureInfo>
    </Features>
    <Type>RegEx</Type>
    <Level>ColumnData</Level>
  </FeatureExtractor>
  <FeatureExtractor>
    <!-- Feature extractor for Duns number on Column Data-->
    <ID>01f02f11-beb8-4021-a0e5-9f5fbf5f1cdd</ID>
    <Version>3</Version>
    <Configuration>
      <Data>
        <![CDATA[
        <Regex xmlns="http://schemas.microsoft.com/sqlserver/2012/01/DataClassificationAndRecommendations" >
          <Expression>^[0-9]{9,9}$</Expression>
            <Options>
              <Option>IgnoreCase</Option>
              <Option>Compiled</Option>
            </Options>
        </Regex>
        ]]>
      </Data>
    </Configuration>
    <Features>
      <FeatureInfo>
        <FeatureID>646e8235-2b86-497f-a415-66a822ff1f5e</FeatureID>
        <MinWeight>0.3</MinWeight>
      </FeatureInfo>
    </Features>
    <Type>RegEx</Type>
    <Level>ColumnData</Level>
  </FeatureExtractor>
  <FeatureExtractor>
    <!-- Feature extractor for Duns number on Column schema-->
    <ID>3f2a72c2-198c-4955-a230-69818f02fdc0</ID>
    <Version>3</Version>
    <Configuration>
      <File>
        <Url>/Files</Url>
        <FileName>DunsSchema.txt</FileName>
        <HashType>SHA256</HashType>
        <Hash>BA79675E74F7884BFA1579041A64972C43168D84C460406BF495F810BE06AB62</Hash>
        <Size>120</Size>
      </File>
    </Configuration>
    <Features>
      <FeatureInfo>
        <FeatureID>5e5bf8f4-acc1-426a-9d41-83bcc4457469</FeatureID>
        <MinWeight>0.3</MinWeight>
      </FeatureInfo>
    </Features>
    <Type>Dictionary</Type>
    <Level>ColumnSchema</Level>
  </FeatureExtractor>
  <FeatureExtractor>
    <!-- Feature extractor for latitude (http://msdn.microsoft.com/en-us/library/microsoft.maps.mapcontrol.location.latitude.aspx) -->    
    <ID>f9b324ab-1b3b-4640-b582-5641b0dc088f</ID>
    <Version>3</Version>
    <Configuration>
      <Data>
        <![CDATA[<NumberExtractor xmlns="http://schemas.microsoft.com/sqlserver/2012/01/DataClassificationAndRecommendations" >
                      <IntegerIntervals />
                      <RealIntervals>
                        <RealInterval>
                          <Weight>1</Weight>
                          <LowerInclusive>-90</LowerInclusive>
                          <UpperInclusive>90</UpperInclusive>
                        </RealInterval>
                      </RealIntervals>
                    </NumberExtractor>]]>
      </Data>
    </Configuration>
    <Features>
      <FeatureInfo>
        <FeatureID>f4994fbd-a6d7-4691-91dd-9b3663d4b402</FeatureID>
        <MinWeight>0.3</MinWeight>
      </FeatureInfo>
    </Features>
    <Type>Numeric</Type>
    <Level>ColumnData</Level>
  </FeatureExtractor>
  <FeatureExtractor>
    <!-- Feature extractor for longitude (http://msdn.microsoft.com/en-us/library/microsoft.maps.mapcontrol.location.longitude.aspx)-->
    <ID>692624e0-5ba2-43d8-89a8-56e5c427b315</ID>
    <Version>3</Version>
    <Configuration>
      <Data>
        <![CDATA[<NumberExtractor xmlns="http://schemas.microsoft.com/sqlserver/2012/01/DataClassificationAndRecommendations" >
                      <IntegerIntervals />
                      <RealIntervals>
                        <RealInterval>
                          <Weight>1</Weight>
                          <LowerInclusive>-180</LowerInclusive>
                          <UpperInclusive>180</UpperInclusive>
                        </RealInterval>
                      </RealIntervals>
                    </NumberExtractor>]]>
      </Data>
    </Configuration>
    <Features>
      <FeatureInfo>
        <FeatureID>658e41d5-25d1-46cf-a255-033c670530b2</FeatureID>
        <MinWeight>0.3</MinWeight>
      </FeatureInfo>
    </Features>
    <Type>Numeric</Type>
    <Level>ColumnData</Level>
  </FeatureExtractor>
  <FeatureExtractor>
    <!-- Feature extractor for FIPS state alpha codes. Codes extracted from http://www.itl.nist.gov/fipspubs/fip5-2.htm -->
    <ID>f9fa8820-6cdc-4737-95d8-d21dd2576c81</ID>
    <Version>3</Version>
    <Configuration>
      <File>
        <Url>/Files</Url>
        <FileName>FipsStateAlphaCode.txt</FileName>
        <HashType>SHA256</HashType>
        <Hash>F2783E351E08B9F13F634332DD6D9B3B8D4E26178EED3C67412753EC9B6973E8</Hash>
        <Size>238</Size>
      </File>
    </Configuration>
    <Features>
      <FeatureInfo>
        <FeatureID>50708ab3-ef31-45e3-98f9-7f652496ddea</FeatureID>
        <MinWeight>0.3</MinWeight>
      </FeatureInfo>
    </Features>
    <Type>Dictionary</Type>
    <Level>ColumnData</Level>
  </FeatureExtractor>
  <FeatureExtractor>
    <!-- Feature extractor for FIPS state numeric codes. Codes extracted from http://www.itl.nist.gov/fipspubs/fip5-2.htm -->
    <ID>96c1d668-5086-4018-85fd-da71ed14cbbc</ID>
    <Version>3</Version>
    <Configuration>
      <File>
        <Url>/Files</Url>
        <FileName>FipsStateNumericCode.txt</FileName>
        <HashType>SHA256</HashType>
        <Hash>1528E5C60D9EF97DCB32944ED207BA982D72479BE9E5F450E2521571CD564164</Hash>
        <Size>276</Size>
      </File>
    </Configuration>
    <Features>
      <FeatureInfo>
        <FeatureID>1b247592-a9f6-4086-80bf-6f573801d7c5</FeatureID>
        <MinWeight>0.3</MinWeight>
      </FeatureInfo>
    </Features>
    <Type>Dictionary</Type>
    <Level>ColumnData</Level>
  </FeatureExtractor>
  <FeatureExtractor>
    <!-- Feature extractor for identifying primary key-->
    <ID>27a9437f-4dff-4066-84f0-f9ef3324dc27</ID>
    <Version>3</Version>
    <Configuration>
      <Data>
        <![CDATA[<ModelMetadataConfig xmlns="http://schemas.microsoft.com/sqlserver/2012/01/DataClassificationAndRecommendations" >
                    <Key>ColumnKeyType</Key>
                    <ConfigValues>
                      <ConfigValue>
                        <Value>Primary</Value>
                        <Weight>0.99</Weight>
                      </ConfigValue>                      
                    </ConfigValues>
                    </ModelMetadataConfig>]]>
      </Data>
    </Configuration>
    <Features>
      <FeatureInfo>
        <FeatureID>47264321-bf79-4bf3-9719-3a59be9cb81a</FeatureID>
        <MinWeight>0.3</MinWeight>
      </FeatureInfo>
    </Features>
    <Type>ModelMetadata</Type>
    <Level>ColumnData</Level>
  </FeatureExtractor>
  <FeatureExtractor>
    <!-- Feature extractor for identifying foreign key-->
    <ID>160ee95b-3914-4d17-81dc-e50df4ecdb46</ID>
    <Version>3</Version>
    <Configuration>
      <Data>
        <![CDATA[<ModelMetadataConfig xmlns="http://schemas.microsoft.com/sqlserver/2012/01/DataClassificationAndRecommendations" >
                    <Key>ColumnKeyType</Key>
                    <ConfigValues>
                      <ConfigValue>
                        <Value>Foreign</Value>
                        <Weight>0.99</Weight>
                      </ConfigValue>
                    </ConfigValues>
                    </ModelMetadataConfig>]]>
      </Data>
    </Configuration>
    <Features>
      <FeatureInfo>
        <FeatureID>7024a6a2-660c-416c-b9d7-76b6a5ab3c32</FeatureID>
        <MinWeight>0.3</MinWeight>
      </FeatureInfo>
    </Features>
    <Type>ModelMetadata</Type>
    <Level>ColumnData</Level>
  </FeatureExtractor>
  <FeatureExtractor>
    <!-- Day number of the week-->
    <ID>b0e94baa-1dcb-4b25-b401-85ca41890779</ID>
    <Version>3</Version>
    <Configuration>
      <Data>
        <![CDATA[<NumberExtractor xmlns="http://schemas.microsoft.com/sqlserver/2012/01/DataClassificationAndRecommendations" >
                      <IntegerIntervals>
                        <IntegerInterval>
                          <Weight>1</Weight>
                          <LowerInclusive>1</LowerInclusive>
                          <UpperInclusive>7</UpperInclusive>
                        </IntegerInterval>
                      </IntegerIntervals>
                      <RealIntervals />
                    </NumberExtractor>]]>
      </Data>
    </Configuration>
    <Features>
      <FeatureInfo>
        <FeatureID>c82442ee-7346-4a53-aab4-63a6c1e96ee5</FeatureID>
        <MinWeight>0.3</MinWeight>
      </FeatureInfo>
    </Features>
    <Type>Numeric</Type>
    <Level>ColumnData</Level>
  </FeatureExtractor>
  <FeatureExtractor>
    <!-- Day number of the month-->
    <ID>556ff748-d475-445b-9e37-820d9a2cbb8e</ID>
    <Version>3</Version>
    <Configuration>
      <Data>
        <![CDATA[<NumberExtractor xmlns="http://schemas.microsoft.com/sqlserver/2012/01/DataClassificationAndRecommendations" >
                      <IntegerIntervals>
                        <IntegerInterval>
                          <Weight>1</Weight>
                          <LowerInclusive>1</LowerInclusive>
                          <UpperInclusive>28</UpperInclusive>
                        </IntegerInterval>
                        <IntegerInterval>
                          <Weight>.9</Weight>
                          <LowerInclusive>29</LowerInclusive>
                          <UpperInclusive>31</UpperInclusive>
                        </IntegerInterval>
                      </IntegerIntervals>
                      <RealIntervals />
                    </NumberExtractor>]]>
      </Data>
    </Configuration>
    <Features>
      <FeatureInfo>
        <FeatureID>d26109d4-385d-40b6-bd2b-06797a30f8f7</FeatureID>
        <MinWeight>0.3</MinWeight>
      </FeatureInfo>
    </Features>
    <Type>Numeric</Type>
    <Level>ColumnData</Level>
  </FeatureExtractor>
  <FeatureExtractor>
    <!-- Week number of the year-->
    <ID>c945d27f-e9e0-4596-9bbf-3579a890b15f</ID>
    <Version>3</Version>
    <Configuration>
      <Data>
        <![CDATA[<NumberExtractor xmlns="http://schemas.microsoft.com/sqlserver/2012/01/DataClassificationAndRecommendations" >
                      <IntegerIntervals>
                        <IntegerInterval>
                          <Weight>1</Weight>
                          <LowerInclusive>1</LowerInclusive>
                          <UpperInclusive>52</UpperInclusive>
                        </IntegerInterval>
                      </IntegerIntervals>
                      <RealIntervals />
                    </NumberExtractor>]]>
      </Data>
    </Configuration>
    <Features>
      <FeatureInfo>
        <FeatureID>bb593e83-7845-4957-ad28-6dca0bd9eafa</FeatureID>
        <MinWeight>0.3</MinWeight>
      </FeatureInfo>
    </Features>
    <Type>Numeric</Type>
    <Level>ColumnData</Level>
  </FeatureExtractor>
  <FeatureExtractor>
    <!-- Last few year range ( 2008-2021) -->
    <ID>842378d8-cfec-434e-b2ff-91696a5683ed</ID>
    <Version>3</Version>
    <Configuration>
      <Data>
        <![CDATA[<NumberExtractor xmlns="http://schemas.microsoft.com/sqlserver/2012/01/DataClassificationAndRecommendations" >
                      <IntegerIntervals>
                        <IntegerInterval>
                          <Weight>1</Weight>
                          <LowerInclusive>2011</LowerInclusive>
                          <UpperInclusive>2012</UpperInclusive>
                        </IntegerInterval>
                        <IntegerInterval>
                          <Weight>1</Weight>
                          <LowerInclusive>2002</LowerInclusive>
                          <UpperInclusive>2012</UpperInclusive>
                        </IntegerInterval>
                        <IntegerInterval>
                          <Weight>.9</Weight>
                          <LowerInclusive>1991</LowerInclusive>
                          <UpperInclusive>2001</UpperInclusive>
                        </IntegerInterval>
                        <IntegerInterval>
                          <Weight>.8</Weight>
                          <LowerInclusive>1962</LowerInclusive>
                          <UpperInclusive>2012</UpperInclusive>
                        </IntegerInterval>
                        <IntegerInterval>
                          <Weight>.7</Weight>
                          <LowerInclusive>1912</LowerInclusive>
                          <UpperInclusive>2012</UpperInclusive>
                        </IntegerInterval>
                      </IntegerIntervals>
                      <RealIntervals />
                    </NumberExtractor>]]>
 </Data>
    </Configuration>
    <Features>
      <FeatureInfo>
        <FeatureID>60cf8d70-4bdd-4a40-99ac-756a8f0a8961</FeatureID>
        <MinWeight>0.3</MinWeight>
      </FeatureInfo>
    </Features>
    <Type>Numeric</Type>
    <Level>ColumnData</Level>
  </FeatureExtractor>
  <FeatureExtractor>
    <!-- Numeric month of the year -->
    <ID>5acb674b-4e5a-4129-a47a-6e37c6c89af8</ID>
    <Version>3</Version>
    <Configuration>
      <Data>
        <![CDATA[<NumberExtractor xmlns="http://schemas.microsoft.com/sqlserver/2012/01/DataClassificationAndRecommendations" >
                      <IntegerIntervals>
                        <IntegerInterval>
                          <Weight>1</Weight>
                          <LowerInclusive>1</LowerInclusive>
                          <UpperInclusive>12</UpperInclusive>
                        </IntegerInterval>
                      </IntegerIntervals>
                      <RealIntervals />
                    </NumberExtractor>]]</Data>
    </Configuration>
    <Features>
      <FeatureInfo>
        <FeatureID>fa0960e8-42de-44d3-8e50-d77574da3b5b</FeatureID>
        <MinWeight>0.3</MinWeight>
      </FeatureInfo>
    </Features>
    <Type>Numeric</Type>
    <Level>ColumnData</Level>
  </FeatureExtractor>
  <FeatureExtractor>
    <!-- English names of the months -->
    <ID>a3452e87-c01e-4285-a786-2dd0afa54de3</ID>
    <Version>3</Version>
    <Configuration>
      <File>
        <Url>/Files</Url>
        <FileName>EnglishMonthNames.txt</FileName>
        <HashType>SHA256</HashType>
        <Hash>74C358CC8E70484274290B711EC6A746AD6FE759873B6396625071D9B1B96A32</Hash>
        <Size>96</Size>
      </File>
    </Configuration>
    <Features>
      <FeatureInfo>
        <FeatureID>db61b9cd-250e-4225-8c80-2b2140f92f9a</FeatureID>
        <MinWeight>0.3</MinWeight>
      </FeatureInfo>
    </Features>
    <Type>Dictionary</Type>
    <Level>ColumnData</Level>
  </FeatureExtractor>
  <FeatureExtractor>
    <!-- Feature extractor for language codes. Codes extracted from http://msdn.microsoft.com/en-us/library/ms533052(VS.85).aspx -->
    <ID>8c7f27a1-3674-4c1d-a044-30499bf4d7cb</ID>
    <Version>3</Version>
    <Configuration>
      <File>
        <Url>/Files</Url>
        <FileName>LanguageCodes.txt</FileName>
        <HashType>SHA256</HashType>
        <Hash>B5B10E8DFA4D4F757F23140162C0C2FBC7879C18234D36BCFE822FB40FC468ED</Hash>
        <Size>680</Size>
      </File>
    </Configuration>
    <Features>
      <FeatureInfo>
        <FeatureID>6f776dde-38da-4941-8170-96afa4cd1e20</FeatureID>
        <MinWeight>0.3</MinWeight>
      </FeatureInfo>
    </Features>
    <Type>Dictionary</Type>
    <Level>ColumnData</Level>
  </FeatureExtractor>
  <FeatureExtractor>
    <!-- Feature extractor for language names. Names extracted from http://msdn.microsoft.com/en-us/library/ms533052(VS.85).aspx -->
    <ID>2a352666-4067-43c3-9c16-6dd3db73ff67</ID>
    <Version>3</Version>
    <Configuration>
      <File>
        <Url>/Files</Url>
        <FileName>LanguageNames.txt</FileName>
        <HashType>SHA256</HashType>
        <Hash>13863AF9BC5642643E5C4050EE180B8032CAED27DBB2E62854735083E5F7B520</Hash>
        <Size>2258</Size>
      </File>
    </Configuration>
    <Features>
      <FeatureInfo>
        <FeatureID>31454e52-52d5-43eb-adca-b680d65ed5c7</FeatureID>
        <MinWeight>0.3</MinWeight>
      </FeatureInfo>
    </Features>
    <Type>Dictionary</Type>
    <Level>ColumnData</Level>
  </FeatureExtractor>
  <FeatureExtractor>
    <!-- Internet top level domains (TLDs) for countries. Names extracted from https://www.cia.gov/library/publications/the-world-factbook/appendix/appendix-d.html -->
    <ID>bbf47431-051d-40ee-8524-a41aad4e0b6c</ID>
    <Version>3</Version>
    <Configuration>
      <File>
        <Url>/Files</Url>
        <FileName>TLDISO3166s.txt</FileName>
        <HashType>SHA256</HashType>
        <Hash>0572699E24E4BACE4C5287A338DA4218C610E40B3702ACB1F5076E11D58C138B</Hash>
        <Size>1258</Size>
      </File>
    </Configuration>
    <Features>
      <FeatureInfo>
        <FeatureID>5bfaee7d-cbcd-40ff-9923-e376c45a463a</FeatureID>
        <MinWeight>0.3</MinWeight>
      </FeatureInfo>
    </Features>
    <Type>Dictionary</Type>
    <Level>ColumnData</Level>
  </FeatureExtractor>
  <FeatureExtractor>
    <!-- FIPS 10 codes for countries. Names extracted from https://www.cia.gov/library/publications/the-world-factbook/appendix/appendix-d.html -->
    <ID>3f9b6014-b05b-495c-b484-7101abb25651</ID>
    <Version>3</Version>
    <Configuration>
      <File>
        <Url>/Files</Url>
        <FileName>CountryCodesFips10.txt</FileName>
        <HashType>SHA256</HashType>
        <Hash>417EE1F1549C8A75008766B491520CDCBC21AB8DA71268593D336529FFD24FDA</Hash>
        <Size>1074</Size>
      </File>
    </Configuration>
    <Features>
      <FeatureInfo>
        <FeatureID>81d7e7cb-80db-4d8d-91af-c14b1e979998</FeatureID>
        <MinWeight>0.3</MinWeight>
      </FeatureInfo>
    </Features>
    <Type>Dictionary</Type>
    <Level>ColumnData</Level>
  </FeatureExtractor>
  <FeatureExtractor>
    <!-- Color names -->
    <ID>ad2e41c5-4f08-4374-a465-eeb57a601860</ID>
    <Version>3</Version>
    <Configuration>
      <File>
        <Url>/Files</Url>
        <FileName>ColorNames.txt</FileName>
        <HashType>SHA256</HashType>
        <Hash>B52B59359047814892E2E0B2F549076920A89D608D21706A05D9F2C0979C1577</Hash>
        <Size>76</Size>
      </File>
    </Configuration>
    <Features>
      <FeatureInfo>
        <FeatureID>57a503cb-4552-4071-b219-2557176af47c</FeatureID>
        <MinWeight>0.3</MinWeight>
      </FeatureInfo>
    </Features>
    <Type>Dictionary</Type>
    <Level>ColumnData</Level>
  </FeatureExtractor>
  <FeatureExtractor>
    <!-- Names of the currencies (extracted from http://msdn.microsoft.com/en-us/library/ff768525.aspx) -->
    <ID>5eb22ec9-3e1d-442c-b4f1-f554ae003592</ID>
    <Version>3</Version>
    <Configuration>
      <File>
        <Url>/Files</Url>
        <FileName>CurrencyNames.txt</FileName>
        <HashType>SHA256</HashType>
        <Hash>5E7E59F0196B0832EC42499A560BCBF22B3D393A666E2D5F2240F5982AA5CF89</Hash>
        <Size>2863</Size>
      </File>
    </Configuration>
    <Features>
      <FeatureInfo>
        <FeatureID>126edb74-b40c-4326-a573-976823151c49</FeatureID>
        <MinWeight>0.3</MinWeight>
      </FeatureInfo>
    </Features>
    <Type>Dictionary</Type>
    <Level>ColumnData</Level>
  </FeatureExtractor>
  <FeatureExtractor>
    <!-- Codes of the currencies of countries as per ISO 4217 http://msdn.microsoft.com/en-us/library/ff768525.aspx) -->
    <ID>dd09666a-e604-453c-92bd-c1977844f6a7</ID>
    <Version>3</Version>
    <Configuration>
      <File>
        <Url>/Files</Url>
        <FileName>CurrencyCodesISO4217.txt</FileName>
        <HashType>SHA256</HashType>
        <Hash>8054A8A7482A7094744746B0E1D87C779160CA9573C9122C6C70981C12D1DFF5</Hash>
        <Size>948</Size>
      </File>
    </Configuration>
    <Features>
      <FeatureInfo>
        <FeatureID>5600f204-3e80-41bf-87ce-8d105342f228</FeatureID>
        <MinWeight>0.3</MinWeight>
      </FeatureInfo>
    </Features>
    <Type>Dictionary</Type>
    <Level>ColumnData</Level>
  </FeatureExtractor>
  <FeatureExtractor>
    <!-- English day names of the week -->
    <ID>48f029a6-ed84-4a52-88a8-3db07d8d306a</ID>
    <Version>3</Version>
    <Configuration>
      <File>
        <Url>/Files</Url>
        <FileName>EnglishDayOfWeekNames.txt</FileName>
        <HashType>SHA256</HashType>
        <Hash>547FEE59DAA93C3A43BF397BE6890C189A5F03561FF3914F8C34CBD4398B8652</Hash>
        <Size>62</Size>
      </File>
    </Configuration>
    <Features>
      <FeatureInfo>
        <FeatureID>a78d02d6-f0d4-49bd-b785-9f196b1968c2</FeatureID>
        <MinWeight>0.3</MinWeight>
      </FeatureInfo>
    </Features>
    <Type>Dictionary</Type>
    <Level>ColumnData</Level>
  </FeatureExtractor>
  <FeatureExtractor>
    <!-- Gender -->
    <ID>05062bb9-0fa0-43e6-98bc-ab4c426d2f95</ID>
    <Version>3</Version>
    <Configuration>
      <File>
        <Url>/Files</Url>
        <FileName>Gender.txt</FileName>
        <HashType>SHA256</HashType>
        <Hash>380606030444397C34F35CB1DAC43548DA796362F922EAAC0931200223E69480</Hash>
        <Size>18</Size>
      </File>
    </Configuration>
    <Features>
      <FeatureInfo>
        <FeatureID>8d63c59e-af64-4ee1-a5fc-c764e16de20d</FeatureID>
        <MinWeight>0.3</MinWeight>
      </FeatureInfo>
    </Features>
    <Type>Dictionary</Type>
    <Level>ColumnData</Level>
  </FeatureExtractor>
  <FeatureExtractor>
    <!-- Marital status -->
    <ID>bc691e86-5e41-4314-aa35-f1fe7f932ba5</ID>
    <Version>3</Version>
    <Configuration>
      <File>
        <Url>/Files</Url>
        <FileName>MaritalStatus.txt</FileName>
        <HashType>SHA256</HashType>
        <Hash>3C899AC50A5A0FB39982B86282EA4B6AA85D584724135FB3E8EF710DAEF5FF11</Hash>
        <Size>67</Size>
      </File>
    </Configuration>
    <Features>
      <FeatureInfo>
        <FeatureID>a47a763a-b3cc-4c9d-bf4a-7a5df4618aaf</FeatureID>
        <MinWeight>0.3</MinWeight>
      </FeatureInfo>
    </Features>
    <Type>Dictionary</Type>
    <Level>ColumnData</Level>
  </FeatureExtractor>
  <FeatureExtractor>
    <!-- Time Zones (data extracted from MSDN http://msdn.microsoft.com/en-us/library/gg154758.aspx and http://support.microsoft.com/kb/973627)-->
    <ID>AC859B16-06A3-43BF-9C77-8D3AAEB24632</ID>
    <Version>3</Version>
    <Configuration>
      <File>
        <Url>/Files</Url>
        <FileName>BFTimeZones.xml</FileName>
        <HashType>SHA256</HashType>
        <Hash>BDC5973B20A0438319FCC74E7656B34ACF877D72D63E119C68527757C10043D1</Hash>
        <Size>715</Size>
      </File>
    </Configuration>
    <Features>
      <FeatureInfo>
        <FeatureID>DBD62C64-DC7B-439F-9CEE-680B6416FECB</FeatureID>
        <MinWeight>0.3</MinWeight>
      </FeatureInfo>
    </Features>
    <Type>BloomierFilter</Type>
    <Level>ColumnData</Level>
  </FeatureExtractor>
  <FeatureExtractor>
    <!-- Time zone names (data extracted from MSDN http://msdn.microsoft.com/en-us/library/gg154758.aspx and http://support.microsoft.com/kb/973627)-->
    <ID>A202651F-CB6F-4292-82E8-3F7CEB7D2591</ID>
    <Version>3</Version>
    <Configuration>
      <File>
        <Url>/Files</Url>
        <FileName>BFTimeZoneNames.xml</FileName>
        <HashType>SHA256</HashType>
        <Hash>27A2A5BCC4FD1DB92668C06DDA97E853389BEE8D98E795EA2AFAC7ACEF53D85F</Hash>
        <Size>827</Size>
      </File>
    </Configuration>
    <Features>
      <FeatureInfo>
        <FeatureID>27625FF5-2060-4395-8432-B8EB133DBB69</FeatureID>
        <MinWeight>0.3</MinWeight>
      </FeatureInfo>
    </Features>
    <Type>BloomierFilter</Type>
    <Level>ColumnData</Level>
  </FeatureExtractor>
  <FeatureExtractor>
    <!-- ISO 3166 two letter aplha codes (data extracted from MSDN http://msdn.microsoft.com/en-us/library/cc534744.aspx -->
    <ID>58D85919-0738-433F-86DE-B3155220CB48</ID>
    <Version>3</Version>
    <Configuration>
      <File>
        <Url>/Files</Url>
        <FileName>BFCountryCodeISO3166Alpha2.xml</FileName>
        <HashType>SHA256</HashType>
        <Hash>E087C0A20737522B75594EC19602EBABFCBD8D0B115ED5FDAC7E9B65BF7A124D</Hash>
        <Size>1179</Size>
      </File>
    </Configuration>
    <Features>
      <FeatureInfo>
        <FeatureID>F19C14F9-DC6A-4FBE-A0FC-A5E21E93D0F3</FeatureID>
        <MinWeight>0.3</MinWeight>
      </FeatureInfo>
    </Features>
    <Type>BloomierFilter</Type>
    <Level>ColumnData</Level>
  </FeatureExtractor>
  <FeatureExtractor>
    <!-- ISO 3166 three letter aplha codes (data extracted from MSDN http://msdn.microsoft.com/en-us/library/cc534744.aspx -->
    <ID>EA4D60CD-43F2-4D2F-901C-580413639704</ID>
    <Version>3</Version>
    <Configuration>
      <File>
        <Url>/Files</Url>
        <FileName>BFCountryCodeISO3166Alpha3.xml</FileName>
        <HashType>SHA256</HashType>
        <Hash>B9271F13B0F4F48724DA40789E2AA5925D59751010D1704CEE1DE072FDFEA980</Hash>
        <Size>1179</Size>
      </File>
    </Configuration>
    <Features>
      <FeatureInfo>
        <FeatureID>198D1FD6-8E56-4924-9F37-CC508E485DE5</FeatureID>
        <MinWeight>0.3</MinWeight>
      </FeatureInfo>
    </Features>
    <Type>BloomierFilter</Type>
    <Level>ColumnData</Level>
  </FeatureExtractor>
  <FeatureExtractor>
    <!-- Numeric currency codes from ISO 4217(data extracted from MSDN http://msdn.microsoft.com/en-us/library/ee799297(v=CS.20).aspx -->
    <ID>8C7483D7-D846-4996-B639-1A782D977B34</ID>
    <Version>3</Version>
    <Configuration>
      <File>
        <Url>/Files</Url>
        <FileName>BFCurrencyCodesISO4217Numeric.xml</FileName>
        <HashType>SHA256</HashType>
        <Hash>D262983760B7FF4CE2350E1B1DFD6A26341F11CF506EBE137383914BE318A163</Hash>
        <Size>1147</Size>
      </File>
    </Configuration>
    <Features>
      <FeatureInfo>
        <FeatureID>6AB55A10-E887-44F7-B59C-1E89B53E0E04</FeatureID>
        <MinWeight>0.3</MinWeight>
      </FeatureInfo>
    </Features>
    <Type>BloomierFilter</Type>
    <Level>ColumnData</Level>
  </FeatureExtractor>
  <FeatureExtractor>
    <!-- Capital of countries (data extracted from MSDN http://msdn.microsoft.com/en-US/library/ee796286(v=cs.20).aspx -->
    <ID>571E6551-1858-4504-878B-1A1F360F85F6</ID>
    <Version>3</Version>
    <Configuration>
      <File>
        <Url>/Files</Url>
        <FileName>BFCountryCapitals.xml</FileName>
        <HashType>SHA256</HashType>
        <Hash>4815A47B7AB2639C19A4E77A190EA24B946334EFD73F25627B1B340F9862CA8E</Hash>
        <Size>1027</Size>
      </File>
    </Configuration>
    <Features>
      <FeatureInfo>
        <FeatureID>CEE76348-0B15-4350-B08D-895FF4A9247D</FeatureID>
        <MinWeight>0.3</MinWeight>
      </FeatureInfo>
    </Features>
    <Type>BloomierFilter</Type>
    <Level>ColumnData</Level>
  </FeatureExtractor>
  <FeatureExtractor>
    <!-- 2007 NAICS Codes (data extracted from http://www.census.gov/naics/2007/NAICO607.HTM -->
    <ID>16FC960B-D4B1-487C-A512-9F50C503AB9B</ID>
    <Version>3</Version>
    <Configuration>
      <File>
        <Url>/Files</Url>
        <FileName>BFNAICSCodes2007.xml</FileName>
        <HashType>SHA256</HashType>
        <Hash>933032486492CBC5FD472CB1FD370608447987E956BEC2FA4B20DD009ECEDBA1</Hash>
        <Size>3620</Size>
      </File>
    </Configuration>
    <Features>
      <FeatureInfo>
        <FeatureID>E4A02CD8-1E6C-4BE9-97F7-35B9D4DF4247</FeatureID>
        <MinWeight>0.3</MinWeight>
      </FeatureInfo>
    </Features>
    <Type>BloomierFilter</Type>
    <Level>ColumnData</Level>
  </FeatureExtractor>
  <FeatureExtractor>
    <!-- 2007 NAICS titles (data extracted from http://www.census.gov/naics/2007/NAICO607.HTM -->
    <ID>2F10F846-778D-4BE2-8A64-083E70EDA69F</ID>
    <Version>3</Version>
    <Configuration>
      <File>
        <Url>/Files</Url>
        <FileName>BFNAICSTitles2007.xml</FileName>
        <HashType>SHA256</HashType>
        <Hash>BE8AB9050392066DD7CEF998F605F6DF6802EA9F8D396CEDED9C5E771AA21D68</Hash>
        <Size>3620</Size>
      </File>
    </Configuration>
    <Features>
      <FeatureInfo>
        <FeatureID>87C8846A-F5F0-4B52-ACC9-76D88AD0FD39</FeatureID>
        <MinWeight>0.3</MinWeight>
      </FeatureInfo>
    </Features>
    <Type>BloomierFilter</Type>
    <Level>ColumnData</Level>
  </FeatureExtractor>
  <FeatureExtractor>
    <!-- SIC titles (data extracted from http://www.sec.gov/info/edgar/siccodes.htm -->
    <ID>E3EC041F-3A21-4E0B-A1C2-59EF1183412B</ID>
    <Version>3</Version>
    <Configuration>
      <File>
        <Url>/Files</Url>
        <FileName>BFSICTitles.xml</FileName>
        <HashType>SHA256</HashType>
        <Hash>D2D212B0391B4DBF720F161E89B5CFB9100C4C91F0FAC9D12916091B175094F8</Hash>
        <Size>1691</Size>
      </File>
    </Configuration>
    <Features>
      <FeatureInfo>
        <FeatureID>A8FCE467-88B8-40D2-A977-5EFA715E70CB</FeatureID>
        <MinWeight>0.3</MinWeight>
      </FeatureInfo>
    </Features>
    <Type>BloomierFilter</Type>
    <Level>ColumnData</Level>
  </FeatureExtractor>
  <FeatureExtractor>
    <!-- SIC codes (data extracted from http://www.sec.gov/info/edgar/siccodes.htm -->
    <ID>A6572E3E-D64E-47C6-BB9F-77147407D2C3</ID>
    <Version>3</Version>
    <Configuration>
      <File>
        <Url>/Files</Url>
        <FileName>BFSICCodes.xml</FileName>
        <HashType>SHA256</HashType>
        <Hash>6E35646CF7F7EA5B3A60B0DE8064D9640C6831315BD7ABA56B8260C800A133E9</Hash>
        <Size>1691</Size>
      </File>
    </Configuration>
    <Features>
      <FeatureInfo>
        <FeatureID>9BF21930-0D65-40C0-8E50-FCA35B8F7923</FeatureID>
        <MinWeight>0.3</MinWeight>
      </FeatureInfo>
    </Features>
    <Type>BloomierFilter</Type>
    <Level>ColumnData</Level>
  </FeatureExtractor>
  <FeatureExtractor>
    <ID>3e14380f-cae3-498a-8b5c-9b7714bb7d97</ID>
    <Version>3</Version>
    <Configuration>
      <Data>
        <![CDATA[
        <DictionaryConfiguration xmlns="http://schemas.microsoft.com/sqlserver/2012/01/DataClassificationAndRecommendations">
          <MatchSubstring>true</MatchSubstring>
        </DictionaryConfiguration>
        ]]>
      </Data>
      <File>
        <Url>/Files</Url>
        <FileName>LatSchema.txt</FileName>
        <HashType>SHA256</HashType>
        <Hash>ED4D70CB84F7EA6697E6BDE672657DE6243DE017BF49C32649C984CCB25EC93C</Hash>
        <Size>61</Size>
      </File>
    </Configuration>
    <Features>
      <FeatureInfo>
        <FeatureID>7a1a6b9a-bd3b-4134-8cb3-2c1320438faa</FeatureID>
        <MinWeight>0.3</MinWeight>
      </FeatureInfo>
    </Features>
    <Type>Dictionary</Type>
    <Level>ColumnSchema</Level>
  </FeatureExtractor>
  <FeatureExtractor>
    <ID>a8e519b6-2386-4bba-93b2-70038bb69150</ID>
    <Version>3</Version>
    <Configuration>
      <Data>
        <![CDATA[
        <DictionaryConfiguration xmlns="http://schemas.microsoft.com/sqlserver/2012/01/DataClassificationAndRecommendations">
          <MatchSubstring>true</MatchSubstring>
        </DictionaryConfiguration>
        ]]>
      </Data>
      <File>
        <Url>/Files</Url>
        <FileName>LongSchema.txt</FileName>
        <HashType>SHA256</HashType>
        <Hash>822A9D4B78F1FE80629E0F571C46E5FC0C0AE2CB51816BB471EE37F33108B936</Hash>
        <Size>65</Size>
      </File>
    </Configuration>
    <Features>
      <FeatureInfo>
        <FeatureID>a8e519b6-2386-4bba-93b2-70038bb69150</FeatureID>
        <MinWeight>0.3</MinWeight>
      </FeatureInfo>
    </Features>
    <Type>Dictionary</Type>
    <Level>ColumnSchema</Level>
  </FeatureExtractor>
</ArrayOfFeatureExtractor>