<application>
  <component name="FeatureUsageStatistics" first-run="1641081891039" have-been-shown="false" show-in-other="true" show-in-compilation="true">
    <feature id="editing.completion.smarttype.afternew" count="0" last-shown="0" last-used="0" shown-count="0" />
    <feature id="editing.completion.camelHumps" count="0" last-shown="0" last-used="0" shown-count="0" />
    <feature id="editing.completion.second.smarttype.aslist" count="0" last-shown="0" last-used="0" shown-count="0" />
    <feature id="codeassists.surroundwith.statement" count="0" last-shown="0" last-used="0" shown-count="0" />
    <feature id="navigation.goto.file.line" count="0" last-shown="0" last-used="0" shown-count="0" />
    <feature id="editing.completion.finishBySmartEnter" count="0" last-shown="0" last-used="0" shown-count="0" />
    <feature id="navigation.popup.symbol" count="0" last-shown="0" last-used="0" shown-count="0" />
    <feature id="editing.completion.replace" count="1" last-shown="1643173501428" last-used="1641172722853" shown-count="20" />
    <feature id="switcher" count="0" last-shown="0" last-used="0" shown-count="0" />
    <feature id="codeassists.complete.statement" count="0" last-shown="0" last-used="0" shown-count="0" />
    <feature id="vcs.show.quick.list" count="0" last-shown="0" last-used="0" shown-count="0" />
    <feature id="editing.completion.smarttype.casting" count="0" last-shown="0" last-used="0" shown-count="0" />
    <feature id="editing.convert.line.separators" count="0" last-shown="0" last-used="0" shown-count="0" />
    <feature id="db.console.execute" count="0" last-shown="0" last-used="0" shown-count="0" />
    <feature id="navigation.recent.files" count="1" last-shown="0" last-used="1642333013637" shown-count="0" />
    <feature id="scratch" count="1" last-shown="0" last-used="1642859509140" shown-count="0" />
    <feature id="refactoring.move.moveInner" count="0" last-shown="0" last-used="0" shown-count="0" />
    <feature id="vcs.pull.requests" count="0" last-shown="0" last-used="0" shown-count="0" />
    <feature id="editing.copy.line" count="0" last-shown="0" last-used="0" shown-count="0" />
    <feature id="editing.completion.finishByExclamation" count="0" last-shown="0" last-used="0" shown-count="0" />
    <feature id="move.element.left.right" count="0" last-shown="0" last-used="0" shown-count="0" />
    <feature id="jar.diff" count="0" last-shown="0" last-used="0" shown-count="0" />
    <feature id="intentions.check.regexp" count="0" last-shown="0" last-used="0" shown-count="0" />
    <feature id="codeassists.comment.line" count="0" last-shown="0" last-used="0" shown-count="0" />
    <feature id="editing.completion.second.smarttype.chain" count="0" last-shown="0" last-used="0" shown-count="0" />
    <feature id="editing.completion.second.smarttype.toar" count="0" last-shown="0" last-used="0" shown-count="0" />
    <feature id="SearchEverywhere" count="77" last-shown="0" last-used="1643179045181" shown-count="0" />
    <feature id="editor.delete.line" count="0" last-shown="0" last-used="0" shown-count="0" />
    <feature id="editing.duplicate" count="0" last-shown="0" last-used="0" shown-count="0" />
    <feature id="editing.copy.reference" count="0" last-shown="0" last-used="0" shown-count="0" />
    <feature id="codeassists.highlight.throws" count="0" last-shown="0" last-used="0" shown-count="0" />
    <feature id="codeassists.quickdefinition" count="0" last-shown="0" last-used="0" shown-count="0" />
    <feature id="editing.completion.basic" count="3" last-shown="0" last-used="1642331226964" shown-count="0" />
    <feature id="editing.completion.postfix" count="0" last-shown="0" last-used="0" shown-count="0" />
    <feature id="dir.diff" count="0" last-shown="0" last-used="0" shown-count="0" />
    <feature id="navigation.recent.locations" count="1" last-shown="0" last-used="1643224917888" shown-count="0" />
    <feature id="diagram.show.diff" count="0" last-shown="0" last-used="0" shown-count="0" />
    <feature id="editing.select.word" count="0" last-shown="0" last-used="0" shown-count="0" />
    <feature id="ui.close.other.editors" count="0" last-shown="0" last-used="0" shown-count="0" />
    <feature id="debugger.evaluate.expression" count="0" last-shown="0" last-used="0" shown-count="0" />
    <feature id="codeassists.highlight.implements" count="0" last-shown="0" last-used="0" shown-count="0" />
    <feature id="codeassists.highlight.usages" count="0" last-shown="0" last-used="0" shown-count="0" />
    <feature id="editing.completion.smarttype.general" count="0" last-shown="0" last-used="0" shown-count="0" />
    <feature id="debugger.breakpoint.edit" count="0" last-shown="0" last-used="0" shown-count="0" />
    <feature id="codeassist.inspect.batch" count="6" last-shown="0" last-used="1643200975496" shown-count="0" />
    <feature id="db.table.editor" count="1" last-shown="0" last-used="1642319281042" shown-count="0" />
    <feature id="navigation.goto.usages" count="0" last-shown="0" last-used="0" shown-count="0" />
    <feature id="codeassists.comment.block" count="0" last-shown="0" last-used="0" shown-count="0" />
    <feature id="codeassists.quickdefinition.lookup" count="0" last-shown="0" last-used="0" shown-count="0" />
    <feature id="navigation.find.usages" count="0" last-shown="0" last-used="0" shown-count="0" />
    <feature id="editing.clipboard.history" count="0" last-shown="0" last-used="0" shown-count="0" />
    <feature id="editing.compare.editor.with.clipboard" count="0" last-shown="0" last-used="0" shown-count="0" />
    <feature id="refactoring.rename" count="0" last-shown="0" last-used="0" shown-count="0" />
    <feature id="navigation.popup.action" count="0" last-shown="0" last-used="0" shown-count="0" />
    <feature id="refactoring.show.quick.list" count="0" last-shown="0" last-used="0" shown-count="0" />
    <feature id="editing.completion.cancelByControlArrows" count="0" last-shown="0" last-used="0" shown-count="0" />
    <feature id="find.recent.search" count="0" last-shown="0" last-used="0" shown-count="0" />
    <feature id="navigation.goto.inspection" count="0" last-shown="0" last-used="0" shown-count="0" />
    <feature id="vcs.show.local.history" count="1" last-shown="0" last-used="1641082168110" shown-count="0" />
    <feature id="editing.completion.variable.name" count="0" last-shown="0" last-used="0" shown-count="0" />
    <feature id="navigation.popup.file" count="2" last-shown="0" last-used="1641911840519" shown-count="0" />
    <feature id="codeassists.overrideimplement" count="0" last-shown="0" last-used="0" shown-count="0" />
    <feature id="db.console.run.intention" count="0" last-shown="0" last-used="0" shown-count="0" />
    <feature id="db.diff" count="0" last-shown="0" last-used="0" shown-count="0" />
    <feature id="ui.close.all.editors" count="73" last-shown="0" last-used="1642944017255" shown-count="0" />
    <feature id="navigation.popup.wildcards" count="0" last-shown="0" last-used="0" shown-count="0" />
    <feature id="refactoring.introduceVariable" count="0" last-shown="0" last-used="0" shown-count="0" />
    <feature id="codeassists.javadoc.external" count="0" last-shown="0" last-used="0" shown-count="0" />
    <feature id="codeassists.surroundwith.expression" count="0" last-shown="0" last-used="0" shown-count="0" />
    <feature id="navigation.goto.declaration" count="0" last-shown="0" last-used="0" shown-count="0" />
    <feature id="editing.completion.finishByDotEtc" count="0" last-shown="0" last-used="0" shown-count="0" />
    <feature id="navigation.goto.implementation" count="0" last-shown="0" last-used="0" shown-count="0" />
    <feature id="editing.join.lines" count="0" last-shown="0" last-used="0" shown-count="0" />
    <feature id="debugger.breakpoint.non.suspending" count="0" last-shown="0" last-used="0" shown-count="0" />
    <feature id="editing.completion.finishByCtrlDot" count="0" last-shown="0" last-used="0" shown-count="0" />
    <feature id="navigation.select.in" count="0" last-shown="0" last-used="0" shown-count="0" />
    <feature id="editing.completion.global.member.name" count="0" last-shown="0" last-used="0" shown-count="0" />
    <feature id="intentions.fix.javadoc" count="0" last-shown="0" last-used="0" shown-count="0" />
    <feature id="ui.tree.speedsearch" count="1" last-shown="0" last-used="1641687040520" shown-count="0" />
    <feature id="ui.horizontal.scrolling" count="0" last-shown="0" last-used="0" shown-count="0" />
    <feature id="refactoring.copyClass" count="0" last-shown="0" last-used="0" shown-count="0" />
    <feature id="codeassists.highlight.return" count="0" last-shown="0" last-used="0" shown-count="0" />
    <feature id="ant.quickfix.CreateProperty" count="0" last-shown="0" last-used="0" shown-count="0" />
    <feature id="navigation.popup.camelprefix" count="0" last-shown="0" last-used="0" shown-count="0" />
    <feature id="navigation.popup.class" count="1" last-shown="0" last-used="1641722916292" shown-count="0" />
    <feature id="db.table.editor.wrapper" count="116" last-shown="0" last-used="1643973150573" shown-count="0" />
    <feature id="find.completion" count="0" last-shown="0" last-used="0" shown-count="0" />
    <feature id="tag.name.completion" count="0" last-shown="0" last-used="0" shown-count="0" />
    <feature id="editing.completion.second.smarttype.array.member" count="0" last-shown="0" last-used="0" shown-count="0" />
    <feature id="diagram.show.popup" count="0" last-shown="0" last-used="0" shown-count="0" />
    <feature id="refactoring.introduceVariable.incompleteStatement" count="0" last-shown="0" last-used="0" shown-count="0" />
    <feature id="editing.add.carets.using.double.ctrl" count="0" last-shown="0" last-used="0" shown-count="0" />
    <feature id="db.console" count="1" last-shown="0" last-used="1641891214457" shown-count="0" />
    <feature id="codeassists.quickjavadoc.lookup" count="0" last-shown="0" last-used="0" shown-count="0" />
    <feature id="ui.scheme.quickswitch" count="0" last-shown="0" last-used="0" shown-count="0" />
    <feature id="navigation.popup.file.structure" count="0" last-shown="0" last-used="0" shown-count="0" />
    <feature id="ant.quickfix.CreateTarget" count="0" last-shown="0" last-used="0" shown-count="0" />
    <feature id="codeassists.quickjavadoc.ctrln" count="0" last-shown="0" last-used="0" shown-count="0" />
    <feature id="codeassists.quickjavadoc" count="0" last-shown="0" last-used="0" shown-count="0" />
    <feature id="ui.recentchanges" count="0" last-shown="0" last-used="0" shown-count="0" />
    <feature id="diagram.show" count="13" last-shown="0" last-used="1643247474706" shown-count="0" />
    <feature id="editing.completion.second.basic" count="1" last-shown="0" last-used="1641172696487" shown-count="0" />
    <feature id="editing.move.statement.up.down" count="0" last-shown="0" last-used="0" shown-count="0" />
    <feature id="editing.completion.changeSorting" count="0" last-shown="0" last-used="0" shown-count="0" />
    <completionStatsTag>
      <option name="sparedCharacters" value="15" />
      <option name="invocations" value="1" />
      <option name="startDate" value="1641114000000" />
      <option name="dayCount" value="1" />
      <option name="lastDate" value="1641114000000" />
    </completionStatsTag>
    <fixesStatsTag>
      <option name="invocations" value="34" />
      <option name="startDate" value="1641114000000" />
      <option name="dayCount" value="3" />
      <option name="lastDate" value="1643101200000" />
    </fixesStatsTag>
  </component>
</application>