<?xml version="1.0" encoding="UTF-8"?>
<tree>
  <directory name=".">
    <file name=".bash_history"></file>
    <file name=".bash_logout"></file>
    <file name=".bashrc"></file>
    <directory name=".config">
      <directory name="gcloud">
        <file name="gce"></file>
        <directory name="logs">
          <directory name="2023.03.19">
            <file name="18.03.36.420108.log"></file>
          </directory>
        </directory>
      </directory>
      <directory name="powershell">
        <file name="Microsoft.PowerShell_profile.ps1"></file>
      </directory>
    </directory>
    <directory name=".docker">
      <file name="config.json"></file>
    </directory>
    <file name=".profile"></file>
    <file name="README-cloudshell.txt"></file>
    <directory name=".redhat">
      <file name="anonymousId"></file>
    </directory>
    <directory name=".theia">
      <directory name="globalStorage">
        <directory name="redhat.java">
          <directory name="1.2.0">
            <directory name="config_linux">
              <file name="config.ini"></file>
              <directory name="org.eclipse.core.runtime">
                <directory name=".manager">
                  <file name=".fileTableLock"></file>
                </directory>
              </directory>
              <directory name="org.eclipse.equinox.app">
                <directory name=".manager">
                  <file name=".fileTableLock"></file>
                </directory>
              </directory>
              <directory name="org.eclipse.equinox.launcher">
                <directory name="org.eclipse.equinox.launcher.gtk.linux.x86_64_1.2.400.v20211117-0650">
                  <file name="eclipse_11600.so"></file>
                </directory>
              </directory>
              <directory name="org.eclipse.osgi">
                <directory name="48">
                  <directory name="0">
                    <directory name=".cp">
                      <file name="jdimodel.jar"></file>
                    </directory>
                  </directory>
                </directory>
                <directory name="52">
                  <directory name="0">
                    <directory name=".cp">
                      <directory name="lib">
                        <file name="jsoup-1.14.2.jar"></file>
                        <file name="remark-1.2.0.jar"></file>
                      </directory>
                    </directory>
                  </directory>
                </directory>
                <directory name="62">
                  <directory name="0">
                    <directory name=".cp">
                      <directory name="jars">
                        <file name="aether-connector-okhttp-0.17.8.jar"></file>
                        <file name="cdi-api-1.0.jar"></file>
                        <file name="commons-cli-1.4.jar"></file>
                        <file name="commons-io-2.5.jar"></file>
                        <file name="commons-lang3-3.8.1.jar"></file>
                        <file name="guice-4.2.1-no_aop.jar"></file>
                        <file name="jansi-1.17.1.jar"></file>
                        <file name="jsr250-api-1.0.jar"></file>
                        <file name="maven-artifact-3.8.1.jar"></file>
                        <file name="maven-builder-support-3.8.1.jar"></file>
                        <file name="maven-compat-3.8.1.jar"></file>
                        <file name="maven-core-3.8.1.jar"></file>
                        <file name="maven-embedder-3.8.1.jar"></file>
                        <file name="maven-model-3.8.1.jar"></file>
                        <file name="maven-model-builder-3.8.1.jar"></file>
                        <file name="maven-plugin-api-3.8.1.jar"></file>
                        <file name="maven-repository-metadata-3.8.1.jar"></file>
                        <file name="maven-resolver-api-1.6.2.jar"></file>
                        <file name="maven-resolver-connector-basic-1.6.2.jar"></file>
                        <file name="maven-resolver-impl-1.6.2.jar"></file>
                        <file name="maven-resolver-provider-3.8.1.jar"></file>
                        <file name="maven-resolver-spi-1.6.2.jar"></file>
                        <file name="maven-resolver-transport-wagon-1.6.2.jar"></file>
                        <file name="maven-resolver-util-1.6.2.jar"></file>
                        <file name="maven-settings-3.8.1.jar"></file>
                        <file name="maven-settings-builder-3.8.1.jar"></file>
                        <file name="maven-shared-utils-3.2.1.jar"></file>
                        <file name="okhttp-3.14.1.jar"></file>
                        <file name="okio-1.17.3.jar"></file>
                        <file name="org.eclipse.sisu.inject-0.3.4.jar"></file>
                        <file name="org.eclipse.sisu.plexus-0.3.4.jar"></file>
                        <file name="plexus-build-api-0.0.7.jar"></file>
                        <file name="plexus-cipher-1.7.jar"></file>
                        <file name="plexus-classworlds-2.6.0.jar"></file>
                        <file name="plexus-component-annotations-2.1.0.jar"></file>
                        <file name="plexus-interpolation-1.25.jar"></file>
                        <file name="plexus-sec-dispatcher-1.4.jar"></file>
                        <file name="plexus-utils-3.2.1.jar"></file>
                        <file name="wagon-file-3.4.3.jar"></file>
                        <file name="wagon-provider-api-3.4.3.jar"></file>
                      </directory>
                    </directory>
                  </directory>
                </directory>
                <directory name="76">
                  <directory name="0">
                    <directory name=".cp">
                      <directory name="lib">
                        <file name="com.microsoft.java.debug.core-0.30.1.jar"></file>
                        <file name="commons-io-2.5.jar"></file>
                        <file name="reactive-streams-1.0.0.jar"></file>
                        <file name="rxjava-2.1.1.jar"></file>
                      </directory>
                    </directory>
                  </directory>
                </directory>
                <directory name="77">
                  <directory name="0">
                    <directory name=".cp">
                      <directory name="lib">
                        <file name="commons-io-2.5.jar"></file>
                      </directory>
                    </directory>
                  </directory>
                </directory>
                <directory name="93">
                  <directory name="0">
                    <directory name=".cp">
                      <directory name="lib">
                        <file name="aopalliance-1.0.jar"></file>
                        <file name="commons-text-1.7.jar"></file>
                        <file name="indexer-core-6.0.0.jar"></file>
                        <file name="lucene-analyzers-common-5.5.5.jar"></file>
                        <file name="lucene-core-5.5.5.jar"></file>
                        <file name="lucene-queryparser-5.5.5.jar"></file>
                        <file name="maven-resolver-api-1.1.0.jar"></file>
                        <file name="maven-resolver-util-1.1.0.jar"></file>
                        <file name="okhttp-3.12.3.jar"></file>
                        <file name="okio-1.15.0.jar"></file>
                        <file name="plexus-utils-3.2.1.jar"></file>
                      </directory>
                    </directory>
                  </directory>
                </directory>
                <file name="framework.info.1"></file>
                <directory name=".manager">
                  <file name=".fileTable.1"></file>
                  <file name=".fileTable.2"></file>
                  <file name=".fileTableLock"></file>
                </directory>
              </directory>
            </directory>
            <directory name="config_ss_linux">
              <file name="config.ini"></file>
              <directory name="org.eclipse.core.runtime">
                <directory name=".manager">
                  <file name=".fileTableLock"></file>
                </directory>
              </directory>
              <directory name="org.eclipse.equinox.app">
                <directory name=".manager">
                  <file name=".fileTableLock"></file>
                </directory>
              </directory>
              <directory name="org.eclipse.equinox.launcher">
                <directory name="org.eclipse.equinox.launcher.gtk.linux.x86_64_1.2.400.v20211117-0650">
                  <file name="eclipse_11600.so"></file>
                </directory>
              </directory>
              <directory name="org.eclipse.osgi">
                <directory name="35">
                  <directory name="0">
                    <directory name=".cp">
                      <file name="jdimodel.jar"></file>
                    </directory>
                  </directory>
                </directory>
                <directory name="37">
                  <directory name="0">
                    <directory name=".cp">
                      <directory name="lib">
                        <file name="jsoup-1.14.2.jar"></file>
                        <file name="remark-1.2.0.jar"></file>
                      </directory>
                    </directory>
                  </directory>
                </directory>
                <file name="framework.info.1"></file>
                <directory name=".manager">
                  <file name=".fileTable.1"></file>
                  <file name=".fileTable.2"></file>
                  <file name=".fileTableLock"></file>
                </directory>
              </directory>
            </directory>
          </directory>
        </directory>
        <directory name="vscode-redhat-telemetry">
          <directory name="cache">
          </directory>
        </directory>
      </directory>
      <file name="lastHostname.json"></file>
      <directory name="localization-cache">
      </directory>
      <directory name="logs">
        <directory name="20230319T175539">
          <directory name="host">
          </directory>
        </directory>
        <directory name="20230319T175541">
          <directory name="host">
          </directory>
        </directory>
        <directory name="20230319T175613">
          <directory name="host">
          </directory>
        </directory>
        <directory name="20230319T181058">
          <directory name="host">
          </directory>
        </directory>
        <directory name="20230319T181114">
          <directory name="host">
          </directory>
        </directory>
        <directory name="20230319T181835">
          <directory name="host">
          </directory>
        </directory>
        <directory name="20230319T181837">
          <directory name="host">
          </directory>
        </directory>
        <directory name="20230319T184143">
          <directory name="host">
          </directory>
        </directory>
        <directory name="20230319T184225">
          <directory name="host">
          </directory>
        </directory>
        <directory name="20230319T184539">
          <directory name="host">
          </directory>
        </directory>
      </directory>
      <directory name="plugin-storage">
        <file name="global-state.json"></file>
      </directory>
      <file name="recentworkspace.json"></file>
      <file name="settings.json"></file>
      <directory name="workspace-storage">
        <directory name="03f0716f0d219f8b767d0e5ac6c3da37">
          <directory name="vscjava.vscode-maven">
          </directory>
        </directory>
        <directory name="9a2109f829f45fb6aa728db1ab87674d">
        </directory>
      </directory>
    </directory>
    <file name=".xml"></file>
  </directory>
  <report>
    <directories>88</directories>
    <files>93</files>
  </report>
</tree>
