<?xml version="1.0" encoding="UTF-8"?>
<project xmlns="http://maven.apache.org/POM/4.0.0" xmlns:xsi="http://www.w3.org/2001/XMLSchema-instance" xsi:schemaLocation="http://maven.apache.org/POM/4.0.0 http://maven.apache.org/xsd/maven-4.0.0.xsd">
  <modelVersion>4.0.0</modelVersion>

  <parent>
    <groupId>com.fasterxml.jackson</groupId>
    <artifactId>jackson-parent</artifactId>
    <!-- note: does NOT change for every version of bom -->
    <version>2.10</version>
  </parent>

  <artifactId>jackson-bom</artifactId>
  <version>2.10.4</version>
  <packaging>pom</packaging>

  <modules>
   <module>base</module> <!-- "It's all about the base 'bout the base..." -->
  </modules>

  <url>https://github.com/FasterXML/jackson-bom</url>
  <scm>
    <connection>scm:git:git@github.com:FasterXML/jackson-bom.git</connection>
    <developerConnection>scm:git:git@github.com:FasterXML/jackson-bom.git</developerConnection>
    <url>http://github.com/FasterXML/jackson-bom</url>
    <tag>jackson-bom-2.10.4</tag>
  </scm>

  <properties>
    <jackson.version>2.10.4</jackson.version>

    <!-- 25-Sep-2019, tatu: With Jackson 2.x we will release full patch-level versions
           of annotations BUT they are all identical, content-wise.
           Given this, annotations could EITHER be `2.10.0` OR `${jackson.version}`.
           Based on dev feedback, with 2.10 we will do latter. It apparently is less
           confusing than alternative.
      -->
    <jackson.version.annotations>${jackson.version}</jackson.version.annotations>
    <jackson.version.core>${jackson.version}</jackson.version.core>
    <jackson.version.databind>${jackson.version}</jackson.version.databind>
    <jackson.version.dataformat>${jackson.version}</jackson.version.dataformat>
    <jackson.version.datatype>${jackson.version}</jackson.version.datatype>
    <jackson.version.jaxrs>${jackson.version}</jackson.version.jaxrs>
    <jackson.version.jacksonjr>${jackson.version}</jackson.version.jacksonjr>

    <jackson.version.module>${jackson.version}</jackson.version.module>
    <jackson.version.module.kotlin>${jackson.version.module}</jackson.version.module.kotlin>
    <jackson.version.module.scala>${jackson.version.module}</jackson.version.module.scala>
    <!-- JPMS Library Updates-->
    <javax.activation.version>1.2.0</javax.activation.version>
  </properties>

  <dependencyManagement>
    <dependencies>

      <!-- Core -->
      <dependency>
        <groupId>com.fasterxml.jackson.core</groupId>
        <artifactId>jackson-annotations</artifactId>
        <version>${jackson.version.annotations}</version>
      </dependency>
      <dependency>
        <groupId>com.fasterxml.jackson.core</groupId>
        <artifactId>jackson-core</artifactId>
        <version>${jackson.version.core}</version>
      </dependency>
      <dependency>
        <groupId>com.fasterxml.jackson.core</groupId>
        <artifactId>jackson-databind</artifactId>
        <version>${jackson.version.databind}</version>
      </dependency>

      <!-- Data Formats -->
      <dependency>
        <groupId>com.fasterxml.jackson.dataformat</groupId>
        <artifactId>jackson-dataformat-avro</artifactId>
        <version>${jackson.version.dataformat}</version>
      </dependency>
      <dependency>
        <groupId>com.fasterxml.jackson.dataformat</groupId>
        <artifactId>jackson-dataformat-cbor</artifactId>
        <version>${jackson.version.dataformat}</version>
      </dependency>
      <dependency>
        <groupId>com.fasterxml.jackson.dataformat</groupId>
        <artifactId>jackson-dataformat-csv</artifactId>
        <version>${jackson.version.dataformat}</version>
      </dependency>
      <dependency>
        <groupId>com.fasterxml.jackson.dataformat</groupId>
        <artifactId>jackson-dataformat-ion</artifactId>
        <version>${jackson.version.dataformat}</version>
      </dependency>
      <dependency>
        <groupId>com.fasterxml.jackson.dataformat</groupId>
        <artifactId>jackson-dataformat-properties</artifactId>
        <version>${jackson.version.dataformat}</version>
      </dependency>
      <dependency>
        <groupId>com.fasterxml.jackson.dataformat</groupId>
        <artifactId>jackson-dataformat-protobuf</artifactId>
        <version>${jackson.version.dataformat}</version>
      </dependency>
      <dependency>
        <groupId>com.fasterxml.jackson.dataformat</groupId>
        <artifactId>jackson-dataformat-smile</artifactId>
        <version>${jackson.version.dataformat}</version>
      </dependency>
      <dependency>
        <groupId>com.fasterxml.jackson.dataformat</groupId>
        <artifactId>jackson-dataformat-xml</artifactId>
        <version>${jackson.version.dataformat}</version>
      </dependency>
      <dependency>
        <groupId>com.fasterxml.jackson.dataformat</groupId>
        <artifactId>jackson-dataformat-yaml</artifactId>
        <version>${jackson.version.dataformat}</version>
      </dependency>

      <!-- Data Types -->
      <dependency>
        <groupId>com.fasterxml.jackson.datatype</groupId>
        <artifactId>jackson-datatype-guava</artifactId>
        <version>${jackson.version.datatype}</version>
      </dependency>
      <dependency>
        <groupId>com.fasterxml.jackson.datatype</groupId>
        <artifactId>jackson-datatype-hibernate3</artifactId>
        <version>${jackson.version.datatype}</version>
      </dependency>
      <dependency>
        <groupId>com.fasterxml.jackson.datatype</groupId>
        <artifactId>jackson-datatype-hibernate4</artifactId>
        <version>${jackson.version.datatype}</version>
      </dependency>
      <dependency>
        <groupId>com.fasterxml.jackson.datatype</groupId>
        <artifactId>jackson-datatype-hibernate5</artifactId>
        <version>${jackson.version.datatype}</version>
      </dependency>
      <dependency>
        <groupId>com.fasterxml.jackson.datatype</groupId>
        <artifactId>jackson-datatype-hppc</artifactId>
        <version>${jackson.version.datatype}</version>
      </dependency>
      <dependency>
        <groupId>com.fasterxml.jackson.datatype</groupId>
        <artifactId>jackson-datatype-jaxrs</artifactId>
        <!-- Should this follow datatype or JAX-RS version info?
          -->
        <version>${jackson.version.datatype}</version>
      </dependency>
      <dependency>
        <groupId>com.fasterxml.jackson.datatype</groupId>
        <artifactId>jackson-datatype-joda</artifactId>
        <version>${jackson.version.datatype}</version>
      </dependency>
      <dependency>
        <groupId>com.fasterxml.jackson.datatype</groupId>
        <artifactId>jackson-datatype-jdk8</artifactId>
        <version>${jackson.version.datatype}</version>
      </dependency>
      <dependency>
        <groupId>com.fasterxml.jackson.datatype</groupId>
        <artifactId>jackson-datatype-json-org</artifactId>
        <version>${jackson.version.datatype}</version>
      </dependency>
      <dependency>
        <groupId>com.fasterxml.jackson.datatype</groupId>
        <artifactId>jackson-datatype-jsr310</artifactId>
        <version>${jackson.version.datatype}</version>
      </dependency>
      <dependency>
        <groupId>com.fasterxml.jackson.datatype</groupId>
        <artifactId>jackson-datatype-jsr353</artifactId>
        <version>${jackson.version.datatype}</version>
      </dependency>
      <dependency>
        <groupId>com.fasterxml.jackson.datatype</groupId>
        <artifactId>jackson-datatype-pcollections</artifactId>
        <version>${jackson.version.datatype}</version>
      </dependency>

      <!-- JAX-RS -->
      <dependency>
        <groupId>com.fasterxml.jackson.jaxrs</groupId>
        <artifactId>jackson-jaxrs-base</artifactId>
        <version>${jackson.version.jaxrs}</version>
      </dependency>
      <dependency>
        <groupId>com.fasterxml.jackson.jaxrs</groupId>
        <artifactId>jackson-jaxrs-cbor-provider</artifactId>
        <version>${jackson.version.jaxrs}</version>
      </dependency>
      <dependency>
        <groupId>com.fasterxml.jackson.jaxrs</groupId>
        <artifactId>jackson-jaxrs-json-provider</artifactId>
        <version>${jackson.version.jaxrs}</version>
      </dependency>
      <dependency>
        <groupId>com.fasterxml.jackson.jaxrs</groupId>
        <artifactId>jackson-jaxrs-smile-provider</artifactId>
        <version>${jackson.version.jaxrs}</version>
      </dependency>
      <dependency>
        <groupId>com.fasterxml.jackson.jaxrs</groupId>
        <artifactId>jackson-jaxrs-xml-provider</artifactId>
        <version>${jackson.version.jaxrs}</version>
      </dependency>
      <dependency>
        <groupId>com.fasterxml.jackson.jaxrs</groupId>
        <artifactId>jackson-jaxrs-yaml-provider</artifactId>
        <version>${jackson.version.jaxrs}</version>
      </dependency>

      <!-- Jackson Jr. -->
      <dependency>
        <groupId>com.fasterxml.jackson.jr</groupId>
        <artifactId>jackson-jr-all</artifactId>
        <version>${jackson.version.jacksonjr}</version>
      </dependency>
      <dependency>
        <groupId>com.fasterxml.jackson.jr</groupId>
        <artifactId>jackson-jr-objects</artifactId>
        <version>${jackson.version.jacksonjr}</version>
      </dependency>
      <dependency>
        <groupId>com.fasterxml.jackson.jr</groupId>
        <artifactId>jackson-jr-retrofit2</artifactId>
        <version>${jackson.version.jacksonjr}</version>
      </dependency>
      <dependency>
        <groupId>com.fasterxml.jackson.jr</groupId>
        <artifactId>jackson-jr-stree</artifactId>
        <version>${jackson.version.jacksonjr}</version>
      </dependency>

      <!-- Modules, basic -->
      <dependency>
        <groupId>com.fasterxml.jackson.module</groupId>
        <artifactId>jackson-module-afterburner</artifactId>
        <version>${jackson.version.module}</version>
      </dependency>
      <dependency>
        <groupId>com.fasterxml.jackson.module</groupId>
        <artifactId>jackson-module-guice</artifactId>
        <version>${jackson.version.module}</version>
      </dependency>
      <dependency>
        <groupId>com.fasterxml.jackson.module</groupId>
        <artifactId>jackson-module-jaxb-annotations</artifactId>
        <version>${jackson.version.module}</version>
      </dependency>
      <dependency>
        <groupId>com.fasterxml.jackson.module</groupId>
        <artifactId>jackson-module-jsonSchema</artifactId>
        <version>${jackson.version.module}</version>
      </dependency>
      <dependency>
        <groupId>com.fasterxml.jackson.module</groupId>
        <artifactId>jackson-module-kotlin</artifactId>
        <version>${jackson.version.module.kotlin}</version>
      </dependency>
      <dependency>
        <groupId>com.fasterxml.jackson.module</groupId>
        <artifactId>jackson-module-mrbean</artifactId>
        <version>${jackson.version.module}</version>
      </dependency>
      <dependency>
        <groupId>com.fasterxml.jackson.module</groupId>
        <artifactId>jackson-module-osgi</artifactId>
        <version>${jackson.version.module}</version>
      </dependency>
      <dependency>
        <groupId>com.fasterxml.jackson.module</groupId>
        <artifactId>jackson-module-parameter-names</artifactId>
        <version>${jackson.version.module}</version>
      </dependency>
      <dependency>
        <groupId>com.fasterxml.jackson.module</groupId>
        <artifactId>jackson-module-paranamer</artifactId>
        <version>${jackson.version.module}</version>
      </dependency>

      <!-- Language Modules -->

      <dependency>
        <groupId>com.fasterxml.jackson.module</groupId>
        <artifactId>jackson-module-scala_2.10</artifactId>
        <version>${jackson.version.module.scala}</version>
      </dependency>
      <dependency>
        <groupId>com.fasterxml.jackson.module</groupId>
        <artifactId>jackson-module-scala_2.11</artifactId>
        <version>${jackson.version.module.scala}</version>
      </dependency>
      <dependency>
        <groupId>com.fasterxml.jackson.module</groupId>
        <artifactId>jackson-module-scala_2.12</artifactId>
        <version>${jackson.version.module.scala}</version>
      </dependency>
      <dependency>
        <groupId>com.fasterxml.jackson.module</groupId>
        <artifactId>jackson-module-scala_2.13</artifactId>
        <version>${jackson.version.module.scala}</version>
      </dependency>

    </dependencies>
  </dependencyManagement>

</project>
