<application>
  <component name="KeyPromoterXStatistic">
    <option name="statistics">
      <Statistic Action="Add Row">
        <Item>
          <IdeaActionID>Console.TableResult.AddRow</IdeaActionID>
          <ShortCut>'Alt+Insert'</ShortCut>
          <Description>Add Row</Description>
          <Count>2</Count>
        </Item>
      </Statistic>
      <Statistic Action="Add Service">
        <Item>
          <IdeaActionID>ServiceView.AddService</IdeaActionID>
          <ShortCut>'Alt+Insert'</ShortCut>
          <Description>Add Service</Description>
          <Count>2</Count>
        </Item>
      </Statistic>
      <Statistic Action="Back">
        <Item>
          <IdeaActionID>Back</IdeaActionID>
          <ShortCut>'Ctrl+Alt+Left'</ShortCut>
          <Description>Back</Description>
          <Count>2</Count>
        </Item>
      </Statistic>
      <Statistic Action="Bookmarks">
        <Item>
          <IdeaActionID>ActivateBookmarksToolWindow</IdeaActionID>
          <ShortCut>'Alt+2'</ShortCut>
          <Description>Bookmarks</Description>
          <Count>3</Count>
        </Item>
      </Statistic>
      <Statistic Action="Build Project">
        <Item>
          <IdeaActionID>CompileDirty</IdeaActionID>
          <ShortCut>'Ctrl+F9'</ShortCut>
          <Description>Build Project</Description>
          <Count>3</Count>
        </Item>
      </Statistic>
      <Statistic Action="Code With Me">
        <Item>
          <IdeaActionID>CWMHostShowPopupAction</IdeaActionID>
          <ShortCut>'Ctrl+Shift+Y'</ShortCut>
          <Description>Code With Me</Description>
          <Count>2</Count>
        </Item>
      </Statistic>
      <Statistic Action="Commit">
        <Item>
          <IdeaActionID>ActivateCommitToolWindow</IdeaActionID>
          <ShortCut>'Alt+0'</ShortCut>
          <Description>Commit</Description>
          <Count>11</Count>
        </Item>
      </Statistic>
      <Statistic Action="Delete">
        <Item>
          <IdeaActionID>FileChooser.Delete</IdeaActionID>
          <ShortCut>'Delete'</ShortCut>
          <Description>Delete</Description>
          <Count>1</Count>
        </Item>
      </Statistic>
      <Statistic Action="Desktop Directory">
        <Item>
          <IdeaActionID>FileChooser.GotoDesktop</IdeaActionID>
          <ShortCut>'Ctrl+D'</ShortCut>
          <Description>Desktop Directory</Description>
          <Count>1</Count>
        </Item>
      </Statistic>
      <Statistic Action="Expand All">
        <Item>
          <IdeaActionID>ExpandAll</IdeaActionID>
          <ShortCut>'Ctrl+NumPad +' or 'Ctrl+='</ShortCut>
          <Description>Expand All</Description>
          <Count>4</Count>
        </Item>
      </Statistic>
      <Statistic Action="Generate…">
        <Item>
          <IdeaActionID>Generate</IdeaActionID>
          <ShortCut>'Alt+Insert'</ShortCut>
          <Description>Generate…</Description>
          <Count>1</Count>
        </Item>
      </Statistic>
      <Statistic Action="Home Directory">
        <Item>
          <IdeaActionID>FileChooser.GotoHome</IdeaActionID>
          <ShortCut>'Ctrl+1'</ShortCut>
          <Description>Home Directory</Description>
          <Count>2</Count>
        </Item>
      </Statistic>
      <Statistic Action="New Folder…">
        <Item>
          <IdeaActionID>FileChooser.NewFolder</IdeaActionID>
          <ShortCut>'Alt+Insert' or 'Ctrl+N'</ShortCut>
          <Description>New Folder…</Description>
          <Count>2</Count>
        </Item>
      </Statistic>
      <Statistic Action="ProblemsView">
        <Item>
          <IdeaActionID>ActivateProblemsViewToolWindow</IdeaActionID>
          <ShortCut>'Alt+6'</ShortCut>
          <Description>ProblemsView</Description>
          <Count>15</Count>
        </Item>
      </Statistic>
      <Statistic Action="Project">
        <Item>
          <IdeaActionID>ActivateProjectToolWindow</IdeaActionID>
          <ShortCut>'Alt+1'</ShortCut>
          <Description>Project</Description>
          <Count>42</Count>
        </Item>
      </Statistic>
      <Statistic Action="Project Directory">
        <Item>
          <IdeaActionID>FileChooser.GotoProject</IdeaActionID>
          <ShortCut>'Ctrl+2'</ShortCut>
          <Description>Project Directory</Description>
          <Count>1</Count>
        </Item>
      </Statistic>
      <Statistic Action="Project Structure…">
        <Item>
          <IdeaActionID>ShowProjectStructureSettings</IdeaActionID>
          <ShortCut>'Ctrl+Alt+Shift+S'</ShortCut>
          <Description>Project Structure…</Description>
          <Count>1</Count>
        </Item>
      </Statistic>
      <Statistic Action="Recent Files">
        <Item>
          <IdeaActionID>RecentFiles</IdeaActionID>
          <ShortCut>'Ctrl+E'</ShortCut>
          <Description>Recent Files</Description>
          <Count>1</Count>
        </Item>
      </Statistic>
      <Statistic Action="Recent Locations">
        <Item>
          <IdeaActionID>RecentLocations</IdeaActionID>
          <ShortCut>'Ctrl+Shift+E'</ShortCut>
          <Description>Recent Locations</Description>
          <Count>1</Count>
        </Item>
      </Statistic>
      <Statistic Action="Refresh">
        <Item>
          <IdeaActionID>FileChooser.Refresh</IdeaActionID>
          <ShortCut>'Ctrl+Alt+Y'</ShortCut>
          <Description>Refresh</Description>
          <Count>1</Count>
        </Item>
      </Statistic>
      <Statistic Action="Rollback…">
        <Item>
          <IdeaActionID>ChangesView.Revert</IdeaActionID>
          <ShortCut>'Ctrl+Alt+Z'</ShortCut>
          <Description>Rollback…</Description>
          <Count>2</Count>
        </Item>
      </Statistic>
      <Statistic Action="Scratch File">
        <Item>
          <IdeaActionID>NewScratchFile</IdeaActionID>
          <ShortCut>'Ctrl+Alt+Shift+Insert'</ShortCut>
          <Description>Scratch File</Description>
          <Count>1</Count>
        </Item>
      </Statistic>
      <Statistic Action="Settings...">
        <Item>
          <IdeaActionID>ShowSettings</IdeaActionID>
          <ShortCut>'Ctrl+Alt+S'</ShortCut>
          <Description>Settings...</Description>
          <Count>2</Count>
        </Item>
      </Statistic>
      <Statistic Action="Shelve Silently">
        <Item>
          <IdeaActionID>ChangesView.ShelveSilently</IdeaActionID>
          <ShortCut>'Ctrl+Shift+H'</ShortCut>
          <Description>Shelve Silently</Description>
          <Count>7</Count>
        </Item>
      </Statistic>
      <Statistic Action="Structure">
        <Item>
          <IdeaActionID>ActivateStructureToolWindow</IdeaActionID>
          <ShortCut>'Alt+7'</ShortCut>
          <Description>Structure</Description>
          <Count>11</Count>
        </Item>
      </Statistic>
      <Statistic Action="Terminal">
        <Item>
          <IdeaActionID>ActivateTerminalToolWindow</IdeaActionID>
          <ShortCut>'Alt+F12'</ShortCut>
          <Description>Terminal</Description>
          <Count>19</Count>
        </Item>
      </Statistic>
      <Statistic Action="Toggle Line Breakpoint">
        <Item>
          <IdeaActionID>ToggleLineBreakpoint</IdeaActionID>
          <ShortCut>'Ctrl+F8'</ShortCut>
          <Description>Toggle Line Breakpoint</Description>
          <Count>7</Count>
        </Item>
      </Statistic>
    </option>
    <option name="suppressed">
      <Statistic Action="Azure Explorer">
        <Item>
          <IdeaActionID>ActivateAzureExplorerToolWindow</IdeaActionID>
          <Description>Azure Explorer</Description>
        </Item>
      </Statistic>
      <Statistic Action="Endpoints">
        <Item>
          <IdeaActionID>ActivateEndpointsToolWindow</IdeaActionID>
          <Description>Endpoints</Description>
        </Item>
      </Statistic>
      <Statistic Action="Event Log">
        <Item>
          <IdeaActionID>ActivateEventLogToolWindow</IdeaActionID>
          <Description>Event Log</Description>
        </Item>
      </Statistic>
      <Statistic Action="Recent Files, Tab Actions, and More">
        <Item>
          <IdeaActionID>EditorTabsEntryPoint</IdeaActionID>
          <Description>Recent Files, Tab Actions, and More</Description>
        </Item>
      </Statistic>
      <Statistic Action="Services">
        <Item>
          <IdeaActionID>ActivateServicesToolWindow</IdeaActionID>
          <ShortCut>'Alt+8'</ShortCut>
          <Description>Services</Description>
          <Count>4</Count>
        </Item>
      </Statistic>
    </option>
  </component>
</application>