<?xml version="1.0" encoding="UTF-8"?>
<project version="4">
  <component name="ProjectModuleManager">
    <modules>
      <module fileurl="file://$PROJECT_DIR$/AppData/Roaming/JetBrains/IntelliJIdea2021.3/extensions/com.intellij.database/com.intellij.database.iml" filepath="$PROJECT_DIR$/AppData/Roaming/JetBrains/IntelliJIdea2021.3/extensions/com.intellij.database/com.intellij.database.iml" />
      <module fileurl="file://$PROJECT_DIR$/AppData/Roaming/JetBrains/IntelliJIdea2021.3/extensions/com.intellij.javaee.jpa/com.intellij.javaee.jpa.iml" filepath="$PROJECT_DIR$/AppData/Roaming/JetBrains/IntelliJIdea2021.3/extensions/com.intellij.javaee.jpa/com.intellij.javaee.jpa.iml" />
      <module fileurl="file://$PROJECT_DIR$/AppData/Roaming/JetBrains/IntelliJIdea2021.3/extensions/com.intellij.javaee.jpa/data/data.iml" filepath="$PROJECT_DIR$/AppData/Roaming/JetBrains/IntelliJIdea2021.3/extensions/com.intellij.javaee.jpa/data/data.iml" />
      <module fileurl="file://$PROJECT_DIR$/AppData/Roaming/JetBrains/IntelliJIdea2021.3/extensions/com.intellij.database/data/data1.iml" filepath="$PROJECT_DIR$/AppData/Roaming/JetBrains/IntelliJIdea2021.3/extensions/com.intellij.database/data/data1.iml" />
      <module fileurl="file://$PROJECT_DIR$/.idea/user.iml" filepath="$PROJECT_DIR$/.idea/user.iml" />
    </modules>
  </component>
</project>