<component name="libraryTable">
  <library name="namespace_pkgs">
    <CLASSES>
      <root url="jar://$PROJECT_DIR$/AppData/Local/Programs/Python/Python310/Lib/test/test_importlib/namespace_pkgs/missing_directory.zip!/" />
      <root url="jar://$PROJECT_DIR$/AppData/Local/Programs/Python/Python310/Lib/test/test_importlib/namespace_pkgs/top_level_portion1.zip!/" />
      <root url="jar://$PROJECT_DIR$/AppData/Local/Programs/Python/Python310/Lib/test/test_importlib/namespace_pkgs/nested_portion1.zip!/" />
    </CLASSES>
    <JAVADOC />
    <SOURCES />
  </library>
</component>