<?xml version="1.0" encoding="UTF-8"?>
<Network>
    <ProxyType>0</ProxyType>
    <Ftp>
        <Host></Host>
        <Port>0</Port>
        <Username></Username>
        <Password></Password>
    </Ftp>
    <Http>
        <Host></Host>
        <Port>0</Port>
        <Username></Username>
        <Password></Password>
    </Http>
    <Repositories>
        <Repository>
            <Host>http://file///:%5CUsers%5Ccom%5CDownloads%5CprivateGPT-main%5CprivateGPT-main%5Csource_documents%5Cwizardlm-13b-v1.1-superhot-8k.ggmlv3.q4_0.bin</Host>
            <Username></Username>
            <Password></Password>
            <Enabled>1</Enabled>
        </Repository>
        <Repository>
            <Host></Host>
            <Username></Username>
            <Password></Password>
            <Enabled>1</Enabled>
        </Repository>
    </Repositories>
    <LocalCachePath>C:\Users\com\Downloads\privateGPT-main\privateGPT-main\source_documents\</LocalCachePath>
</Network>