<application>
  <component name="ProfilerRunConfigurations">
    <profilerRunConfigurations>
      <item configurationTypeId="AsyncProfilerConfiguration">
        <AsyncProfilerConfigurationState name="Async Profiler" />
      </item>
      <item configurationTypeId="WinAsyncProfilerConfigurationType">
        <WinAsyncProfilerConfigurationState name="Windows Async Profiler" />
      </item>
      <item configurationTypeId="JFRSimpleConfiguration">
        <JFRConfigurationState name="Java Flight Recorder" />
      </item>
    </profilerRunConfigurations>
    <knownConfigurationTypes>
      <id>AsyncProfilerCPUConfiguration</id>
      <id>AsyncProfilerMemoryConfiguration</id>
      <id>AsyncProfilerConfiguration</id>
      <id>WinAsyncProfilerConfigurationType</id>
      <id>JFRSimpleConfiguration</id>
    </knownConfigurationTypes>
  </component>
</application>