<component name="InspectionProjectProfileManager">
  <profile version="1.0">
    <option name="myName" value="Project Default" />
    <inspection_tool class="AndroidLintAppLinksAutoVerify" enabled="true" level="ERROR" enabled_by_default="true" />
    <inspection_tool class="AndroidLintBackButton" enabled="true" level="WARNING" enabled_by_default="true" />
    <inspection_tool class="AndroidLintConvertToWebp" enabled="true" level="WARNING" enabled_by_default="true" />
    <inspection_tool class="AndroidLintDuplicateStrings" enabled="true" level="WARNING" enabled_by_default="true" />
    <inspection_tool class="AndroidLintEasterEgg" enabled="true" level="WARNING" enabled_by_default="true" />
    <inspection_tool class="AndroidLintExpensiveAssertion" enabled="true" level="WARNING" enabled_by_default="true" />
    <inspection_tool class="AndroidLintIconExpectedSize" enabled="true" level="WARNING" enabled_by_default="true" />
    <inspection_tool class="AndroidLintImplicitSamInstance" enabled="true" level="WARNING" enabled_by_default="true" />
    <inspection_tool class="AndroidLintKotlinPropertyAccess" enabled="true" level="WARNING" enabled_by_default="true" />
    <inspection_tool class="AndroidLintLambdaLast" enabled="true" level="WARNING" enabled_by_default="true" />
    <inspection_tool class="AndroidLintLogConditional" enabled="true" level="WARNING" enabled_by_default="true" />
    <inspection_tool class="AndroidLintMangledCRLF" enabled="true" level="ERROR" enabled_by_default="true" />
    <inspection_tool class="AndroidLintMinSdkTooLow" enabled="true" level="WARNING" enabled_by_default="true" />
    <inspection_tool class="AndroidLintNegativeMargin" enabled="true" level="WARNING" enabled_by_default="true" />
    <inspection_tool class="AndroidLintNewerVersionAvailable" enabled="true" level="WARNING" enabled_by_default="true" />
    <inspection_tool class="AndroidLintNoHardKeywords" enabled="true" level="WARNING" enabled_by_default="true" />
    <inspection_tool class="AndroidLintPermissionImpliesUnsupportedChromeOsHardware" enabled="true" level="ERROR" enabled_by_default="true" />
    <inspection_tool class="AndroidLintRegistered" enabled="true" level="WARNING" enabled_by_default="true" />
    <inspection_tool class="AndroidLintSelectableText" enabled="true" level="WARNING" enabled_by_default="true" />
    <inspection_tool class="AndroidLintStopShip" enabled="true" level="ERROR" enabled_by_default="true" />
    <inspection_tool class="AndroidLintSyntheticAccessor" enabled="true" level="WARNING" enabled_by_default="true" />
    <inspection_tool class="AndroidLintTypographyQuotes" enabled="true" level="WARNING" enabled_by_default="true" />
    <inspection_tool class="AndroidLintUnknownNullness" enabled="true" level="WARNING" enabled_by_default="true" />
    <inspection_tool class="AndroidLintUnpackedNativeCode" enabled="true" level="WARNING" enabled_by_default="true" />
    <inspection_tool class="AndroidLintUnsupportedChromeOsHardware" enabled="true" level="ERROR" enabled_by_default="true" />
    <inspection_tool class="AndroidLintUnusedIds" enabled="true" level="WARNING" enabled_by_default="true" />
    <inspection_tool class="AndroidLintValidActionsXml" enabled="true" level="ERROR" enabled_by_default="true" />
    <inspection_tool class="AndroidLintWrongThreadInterprocedural" enabled="true" level="ERROR" enabled_by_default="true" />
    <inspection_tool class="PermissionUsageInspection" enabled="true" level="WARNING" enabled_by_default="true" />
  </profile>
</component>