<component name="ProjectCodeStyleConfiguration">
  <code_scheme name="Project" version="173">
    <option name="OTHER_INDENT_OPTIONS">
      <value>
        <option name="USE_TAB_CHARACTER" value="true" />
      </value>
    </option>
    <JetCodeStyleSettings>
      <option name="CODE_STYLE_DEFAULTS" value="KOTLIN_OFFICIAL" />
    </JetCodeStyleSettings>
    <ScalaCodeStyleSettings>
      <option name="MULTILINE_STRING_CLOSING_QUOTES_ON_NEW_LINE" value="true" />
    </ScalaCodeStyleSettings>
    <codeStyleSettings language="kotlin">
      <option name="CODE_STYLE_DEFAULTS" value="KOTLIN_OFFICIAL" />
    </codeStyleSettings>
  </code_scheme>
</component>