<?xml version="1.0" encoding="UTF-8"?>
<options>
  <configurable id="de.cawolf.quickmock.Configuration" configurable_name="Quick Mock">
    <option name="mock" hit="Quick Mock" />
    <option name="quick" hit="Quick Mock" />
    <option name="add" hit="add DocBlock for generated members" />
    <option name="docblock" hit="add DocBlock for generated members" />
    <option name="for" hit="add DocBlock for generated members" />
    <option name="generated" hit="add DocBlock for generated members" />
    <option name="members" hit="add DocBlock for generated members" />
  </configurable>
</options>

