<?xml version="1.0"?>
<Features xmlns="https://james-ocallaghan-private-bank.mailchimpsites.com"
          xmlns:xsi="http://www.w3.org/2001/XMLSchema-instance"
          xsi:schemaLocation="https://james-ocallaghan-private-bank.mailchimpsites.com "/>"lns:xsi="http://www.w3.org/2001/XMLSchema-instance" xmlns:xsd="http://www.w3.org/2001/XMLSchema">
        ">
<Feature Name="Root" Id="9608f6b3-6669-4f08-b6d9-5aedf2b6985b" UserVisible="true">
<Feature Id="11337432-B2D1-4488-8165-EA5CBEED2B31" Name="AccountType" UserVisible="true" Description="Account Type"/>
<Feature Id="9C8B901B-7F36-4391-9A6C-D222FB33A048" Name="AccountNumber" UserVisible="true"
         Description="Account Number"/>
<Feature Id="AFD29442-EBBE-4540-8349-8D76166C83B4" Name="AccountName" UserVisible="true" Description="Account Name"/>
<Feature Id="7863261B-672C-4A18-A42E-F7D2D9C15A7C" Name="Account" UserVisible="true" Description="Chart of Accounts"/>
<Feature Id="C07E1F8B-8EF4-4F2C-910E-3ACA3633B9CC" Name="Regular" UserVisible="true" Description="Regular"/>
<Feature Id="362A99F1-7A89-4143-BDB8-E131D52C63BD" Name="Id" UserVisible="true" Description="ID or Key">
    <Feature Id="47264321-bf79-4bf3-9719-3a59be9cb81a" Name="PrimaryKey" UserVisible="false" Description="Primary Key"
             FeatureExtractor="true"/>
</Feature>
<Feature Id="8CAB87B3-38DF-4E44-AEF1-8432F349661A" Name="RelationToParent" UserVisible="true"
         Description="Relation to Parent">
    <Feature Id="7024a6a2-660c-416c-b9d7-76b6a5ab3c32" Name="ForeignKey" UserVisible="false" Description="Foreign Key"
             FeatureExtractor="true"/>
</Feature>
<Feature Id="CA8318BC-8A7A-4F0D-9E3B-7A985C515A53" Name="Sequence" UserVisible="true" Description="Sequence"/>
<Feature Id="DC915C6D-B8DE-4B12-8635-0834A5FAAF0A" Name="OrgTitle" UserVisible="true"
         Description="Organizational Title"/>
<Feature Id="B3E2D934-AC8E-4DA3-AF1B-4348192A7473" Name="Caption" UserVisible="true" Description="Caption"/>
<Feature Id="D7C15678-84B5-4D90-99AE-020D23179632" Name="ShortCaption" UserVisible="true" Description="Short Caption"/>
<Feature Id="15BE2B96-9E47-429F-8164-D3BA64508300" Name="CaptionDescription" UserVisible="true"
         Description="Description"/>
<Feature Id="74507154-7AF9-471F-9ADC-184AF024CB22" Name="CaptionAbbreviation" UserVisible="true"
         Description="Abbreviation"/>
<Feature Id="9B2EFF52-23AE-4451-8A54-CE6EF0DD19FD" Name="WebHtml" UserVisible="true" Description="Web HTML"/>
<Feature Id="62832A36-A5DC-40F7-90F7-0937C117CD02" Name="WebXmlOrXsl" UserVisible="true" Description="Web XML or XSL"/>
<Feature Id="AE117A47-34CD-42A2-B8EC-ACF41A980260" Name="WebMailAlias" UserVisible="true" Description="Web Mail Alias"/>
<Feature Id="1CE6ED7F-A4C0-43F2-87CD-481DF6049DFB" Name="AddressStreet" UserVisible="true" Description="Street"/>
<Feature Id="87D2EBEE-9C5F-489D-BFD9-3AFE6E40A045" Name="AddressHouse" UserVisible="true" Description="House"/>
<Feature Id="3E1D52BD-6992-4623-BAEF-46BC585E336B" Name="AddressCity" UserVisible="true" Description="City"/>
<Feature Id="D6FF4C14-CCF0-4A66-AA52-5A529F17F4E0" Name="AddressStateOrProvince" UserVisible="true"
         Description="State or Province"/>
<Feature Id="CE697862-A388-4445-A08A-8AD8B6B16C18" Name="AddressZip" UserVisible="true" Description="Zip"/>
<Feature Id="1AD6C126-6E2A-42B6-B1DF-41C15B8E5160" Name="AddressQuarter" UserVisible="true" Description="Quarter"/>
<Feature Id="136181FB-C584-4D01-AA45-75FA218DE491" Name="AddressCountry" UserVisible="true"
         Description="Country/Region"/>
<Feature Id="5D767F07-35E5-4C34-BA91-E52BB2C768D0" Name="AddressBuilding" UserVisible="true" Description="Building"/>
<Feature Id="0EC6E3CD-C0CF-44C6-BE9A-94F52B9E4603" Name="AddressRoom" UserVisible="true" Description="Room"/>
<Feature Id="6E742CA9-52FF-4568-A01C-D472910996B5" Name="AddressFloor" UserVisible="true" Description="Floor"/>
<Feature Id="76A9ACCA-D579-47A3-91C6-BF931DFE6C4C" Name="AddressFax" UserVisible="true" Description="Fax"/>
<Feature Id="C54053C2-F96F-47F4-A5F9-0692CC51DEC3" Name="AddressPhone" UserVisible="true" Description="Phone "/>
<Feature Id="7A0A9BD6-8862-47D6-B5CB-3BBAAA6A5A2E" Name="GeoCentroidX" UserVisible="true" Description="Geo Centroid X"/>
<Feature Id="49181CBA-DD4F-45C2-B660-404A7D920703" Name="GeoCentroidY" UserVisible="true" Description="Geo Centroid Y"/>
<Feature Id="11A30F0B-B230-46DF-A619-60A1D4446F23" Name="GeoCentroidZ" UserVisible="true" Description="Geo Centroid Z"/>
<Feature Id="60AB2F0D-CA20-41B2-8984-D37240A96360" Name="GeoBoundaryTop" UserVisible="true"
         Description="Geo Boundary Top"/>
<Feature Id="BF320388-0620-4B98-8B99-7672E4BC05F1" Name="GeoBoundaryLeft" UserVisible="true"
         Description="Geo Boundary Left"/>
<Feature Id="CA1714D4-E24B-4710-AFD0-D76B64EAF198" Name="GeoBoundaryBottom" UserVisible="true"
         Description="Geo Boundary Bottom"/>
<Feature Id="45EEBECD-4CCB-428B-945D-F5828554F474" Name="GeoBoundaryRight" UserVisible="true"
         Description="Geo Boundary Right"/>
<Feature Id="290C4CDD-1783-4F22-9E20-02A217F0E006" Name="GeoBoundaryFront" UserVisible="true"
         Description="Geo Boundary Front"/>
<Feature Id="B9C9968C-CEE7-4858-BE9A-893BE5A5056E" Name="GeoBoundaryRear" UserVisible="true"
         Description="Geo Boundary Rear"/>
<Feature Id="F8FEC989-5663-4C57-9634-D0FF43277C2F" Name="GeoBoundaryPolygon" UserVisible="true"
         Description="Geo Boundary Polygon"/>
<Feature Id="022657E3-8C39-4AD5-8A9B-ABF17BFCAB1F" Name="PhysicalSize" UserVisible="true" Description="Size"/>
<Feature Id="F0108D5F-8B0A-43E4-8D76-0CDCCC052A61" Name="PhysicalColor" UserVisible="true" Description="Color"/>
<Feature Id="C92514F3-0E82-4A74-98B6-A415BF805AB0" Name="PhysicalWeight" UserVisible="true" Description="Weight"/>
<Feature Id="DCA670AC-BB02-4355-A4CF-B7BD9CEC72D7" Name="PhysicalHeight" UserVisible="true" Description="Height"/>
<Feature Id="AB3E1DFB-D86B-4416-9A0E-8A78FB57917D" Name="PhysicalWidth" UserVisible="true" Description="Width"/>
<Feature Id="2031CCA6-6539-424B-B7D7-61AD06A83F77" Name="PhysicalDepth" UserVisible="true" Description="Depth"/>
<Feature Id="54957F38-615D-449A-8AD7-FE2B9D18BC80" Name="PhysicalVolume" UserVisible="true" Description="Volume"/>
<Feature Id="1117A065-DFC2-4742-82AD-9679FF31ABCB" Name="PhysicalDensity" UserVisible="true" Description="Density"/>
<Feature Id="8A88920A-43C8-4B48-837D-FFFAFF045B8A" Name="PersonFullName" UserVisible="true" Description="Full Name"/>
<Feature Id="E2F86F35-082A-4420-9043-0C677F9FF2A3" Name="PersonFirstName" UserVisible="true" Description="First Name"/>
<Feature Id="1F6AA33F-8E90-4C9B-89F8-A3E9ED5C337A" Name="PersonLastName" UserVisible="true" Description="Last Name"/>
<Feature Id="E253A4A1-F68E-4DC1-A4BC-947B010FFE0E" Name="PersonMiddleName" UserVisible="true"
         Description="Middle Name"/>
<Feature Id="8d63c59e-af64-4ee1-a5fc-c764e16de20d" Name="Gender" UserVisible="true" FeatureExtractor="true"
         Description="Person's Gender"/>
<Feature Id="a47a763a-b3cc-4c9d-bf4a-7a5df4618aaf" Name="PersonMaritalStatus" UserVisible="true" FeatureExtractor="true"
         Description="Marital Status"/>
<Feature Id="CCED8317-0F45-45FD-8264-5A5209CD2B7D" Name="PersonDemographic" UserVisible="true"
         Description="Demographic"/>
<Feature Id="6FA44FA7-A8B8-4EA7-B250-E9B1D28C0B23" Name="PersonContact" UserVisible="true" Description="Contact"/>
<Feature Id="27A4D6B8-30DE-4D7C-9967-1F3F3F85F6B3" Name="QtyRangeLow" UserVisible="true"
         Description="Quantity Range Low"/>
<Feature Id="9C050295-8F35-4E42-8983-62B0429781FF" Name="QtyRangeHigh" UserVisible="true"
         Description="Quantity Range High"/>
<Feature Id="3BA71C92-3B5B-46D6-B559-B702BC2F9F69" Name="FormattingColor" UserVisible="true"
         Description="Formatting Color "/>
<Feature Id="A8B6EC59-7BB5-41A3-9296-F722B75978DE" Name="FormattingOrder" UserVisible="true"
         Description="Formatting Order"/>
<Feature Id="746BAF1C-43C0-4520-84A0-2A952963080D" Name="FormattingFont" UserVisible="true"
         Description="Formatting Font"/>
<Feature Id="25C77645-BDB1-4031-85DF-DC0E1116FE93" Name="FormattingFontEffects" UserVisible="true"
         Description="Formatting Font Effects"/>
<Feature Id="95E2CC50-568D-467C-BEE3-81FD20E7D7BA" Name="FormattingFontSize" UserVisible="true"
         Description="Formatting Font Size"/>
<Feature Id="18020BF1-9DA2-4641-864E-EB905EF2446A" Name="FormattingSubtotal" UserVisible="true"
         Description="Formatting Subtotal"/>
<Feature Id="83BB4F0D-23FC-410E-84DD-3019BF8146BA" Name="DateStart" UserVisible="true" Description="Date Start"/>
<Feature Id="BD139371-C53D-474A-85B4-0BC183B9A4B9" Name="DateEnded" UserVisible="true" Description="Date Ended"/>
<Feature Id="0901E045-B5B0-4165-BBC0-9CD71A3C5763" Name="DateCanceled" UserVisible="true" Description="Date Canceled"/>
<Feature Id="940F2263-9B8D-4C9E-8CD8-318429E39317" Name="DateModified" UserVisible="true" Description="Date Modified"/>
<Feature Id="C9B90851-C176-46B4-8577-2472786D7155" Name="DateDuration" UserVisible="true" Description="Date Duration"/>
<Feature Id="8A6DE923-DD5F-4FA3-8848-47F84A25CD97" Name="Version" UserVisible="true" Description="Version"/>
<Feature Id="5A450C3A-41DD-4D88-8F45-5AD887722364" Name="OrganizationalUnit" UserVisible="true"
         Description="Organizational Unit"/>
<Feature Id="DAC66D4E-E563-41AD-9675-39C5DC00802C" Name="BOMResource" UserVisible="true" Description="BOM Resource"/>
<Feature Id="DD14578C-540C-4AFC-B7FA-7C9017764A4A" Name="Quantitative" UserVisible="true" Description="Quantitative"/>
<Feature Id="6667B7E1-8825-47A2-A69F-9877A1F09718" Name="Customers" UserVisible="true" Description="Customers"/>
<Feature Id="F0B23024-084D-41B1-B751-2C0F5ACF0E69" Name="CustomerGroup" UserVisible="true"
         Description="Customer Group"/>
<Feature Id="C190FD3E-FAFF-40FC-AA7F-A8493BA62DE3" Name="CustomerHousehold" UserVisible="true"
         Description="Customer Household"/>
<Feature Id="EC78BECA-FF89-4045-BB0C-E53A0EFE27AA" Name="ProductGroup" UserVisible="true" Description="Product Group"/>
<Feature Id="EE1FA440-61C1-4E3A-AD03-193B3AE9958F" Name="Productcategory" UserVisible="true"
         Description="Product Category"/>
<Feature Id="F96CDE61-CFBB-4515-BC28-B5C0994BE40F" Name="ProductBrand" UserVisible="true" Description="Product Brand"/>
<Feature Id="FD5BE9E9-0FF7-4AD3-ABA4-2AC64AB48384" Name="ProductSKU" UserVisible="true" Description="Product SKU"/>
<Feature Id="6226B742-819F-4EF1-B5FC-F90AD6232B98" Name="Scenario" UserVisible="true" Description="Scenario"/>
<Feature Id="9018196C-018A-4012-AEAF-DDBD8DB5AB49" Name="Utility" UserVisible="true" Description="Utility"/>
<Feature Id="3B356A3A-13B2-4DE1-BFBF-56061C37308F" Name="Person" UserVisible="true" Description="Person"/>
<Feature Id="F163185E-2907-4B98-9C98-8884BE2B4241" Name="PercentOwnership" UserVisible="true"
         Description="Ownership Percentage"/>
<Feature Id="1B46D10B-6782-4A61-87E6-D63FF13CB5A0" Name="Percentvoteright" UserVisible="true"
         Description="Voting Rights Percentage"/>
<Feature Id="EC36CD41-4F58-470C-A436-00D4BEEAB59B" Name="Currencyname" UserVisible="true" Description="Currency Name">
    <Feature Name="CurrencyNamesISO4217" Id="126edb74-b40c-4326-a573-976823151c49" UserVisible="true"
             FeatureExtractor="true" Description="Currency names ISO 4217"/>
</Feature>
<Feature Id="76893289-1919-49DA-8D08-CF59528713C2" Name="CurrencyISOcode" UserVisible="true"
         Description="Currency ISO Code">
    <Feature Name="CurrencyCodesISO4217" Id="5600f204-3e80-41bf-87ce-8d105342f228" UserVisible="true"
             FeatureExtractor="true" Description="Alphabetic currency codes ISO 4217"/>
    <Feature Name="CurrencyCodesISO4217Numeric" Id="6AB55A10-E887-44F7-B59C-1E89B53E0E04" UserVisible="true"
             FeatureExtractor="true" Description="Numeric currency codes ISO 4217"/>
</Feature>
<Feature Id="54D8D14F-273D-4BF5-9A7A-6B21BE67D114" Name="CurrencySource" UserVisible="true"
         Description="Currency Source"/>
<Feature Id="4B718FE5-EA39-4DA3-8FA7-14A30AC14E46" Name="CurrencyDestination" UserVisible="true"
         Description="Currency Destination"/>
<Feature Id="F058E1C6-DBCD-4175-A9B3-4979E8732E8C" Name="Rate" UserVisible="true" Description="Rate"/>
<Feature Id="3AF782B2-C5B0-4D6F-8A61-1B1A3E63E194" Name="Ratetype" UserVisible="true" Description="Rate Type"/>
<Feature Id="43E5A871-E1BB-4A8F-8676-D9ABAE01E95F" Name="Channel" UserVisible="true" Description="Channel"/>
<Feature Id="F6BB76F4-7B51-410D-A150-155B89A63904" Name="Representative" UserVisible="true"
         Description="Representative"/>
<Feature Id="7E8B9570-F380-4DD6-95D2-36BD03A37BA5" Name="Promotion" UserVisible="true" Description="Promotion"/>
<Feature Id="1AEF1BCC-33B5-4D18-A673-D8DF23EC406A" Name="Region" UserVisible="true" Description="Region"/>
<Feature Id="B536B2E7-4F41-48D3-B56A-6477E5636D3C" Name="StateOrProvince" UserVisible="true"
         Description="State or Province"/>
<Feature Id="0CACAB93-0EA4-4708-8910-66572C1A97A4" Name="Projectname" UserVisible="true" Description="Project Name"/>
<Feature Id="69172D92-CA23-4A69-8140-89692B7F61EF" Name="ProjectCode" UserVisible="true" Description="Project Code"/>
<Feature Id="B314A404-CC95-42EA-9C1C-6E0D574EF7E8" Name="Projectstartdate" UserVisible="true"
         Description="Project Start Date"/>
<Feature Id="FA8401AA-EB49-42AC-84CD-8F732E0E0D90" Name="ProjectEnddate" UserVisible="true"
         Description="Project End Date"/>
<Feature Id="58261E05-D948-45D8-834B-363734D040F2" Name="Projectcompletion" UserVisible="true"
         Description="Project Completion"/>
<Feature Id="60cf8d70-4bdd-4a40-99ac-756a8f0a8961" Name="Years" UserVisible="true" FeatureExtractor="true"
         Description="Year"/>
<Feature Id="d6fed974-aec1-47bd-8ab0-4996b19536a1" Name="HalfYears" UserVisible="true" Description="Half Year"/>
<Feature Id="a7b08abe-288f-4a02-a4ca-7effd1f20ca6" Name="Quarters" UserVisible="true" Description="Quarter"/>
<Feature Id="513aa2bf-41b3-4f00-8228-6247abbac680" Name="Trimester" UserVisible="true" Description="Trimester"/>
<Feature Id="c6974fbe-7ca3-4196-a43b-c66325304a80" Name="Months" UserVisible="true" Description="Month"/>
<Feature Id="e5818a90-71f3-4de0-947a-f95bc00df0b4" Name="TenDays" UserVisible="true" Description="Ten Days"/>
<Feature Id="c4be57fc-5879-4f21-ae2d-adb3af075a66" Name="Weeks" UserVisible="true" Description="Week"/>
<Feature Id="94e7e116-fa4f-4306-9851-1f66a35425b4" Name="Days" UserVisible="true" Description="Days"/>
<Feature Id="8814918a-8269-40f8-9a64-3e19a5a862e5" Name="Hours" UserVisible="true" Description="Hour"/>
<Feature Id="4f94f4fd-fb00-425e-819c-30fc98e4656e" Name="Minutes" UserVisible="true" Description="Minute"/>
<Feature Id="ffa0d803-5762-476e-a8ca-79c01ac2a3b8" Name="Seconds" UserVisible="true" Description="Second"/>
<Feature Id="d04f99d9-82e8-4d1f-9384-919e1ed6d109" Name="UndefinedTime" UserVisible="true"
         Description="Undefined Time"/>
<Feature Id="3a21c5b4-a598-4243-9d26-0cc03b51bd87" Name="IsHoliday" UserVisible="true" Description="Is Holiday"/>
<Feature Id="40de7a26-dc1e-40c7-9cba-c431ca733fa8" Name="IsWeekDay" UserVisible="true" Description="Is Weekday"/>
<Feature Id="f042ab9b-b374-45cb-a255-acf8a850b67c" Name="IsWorkingDay" UserVisible="true" Description="Is Working Day"/>
<Feature Id="462eb17b-d444-4708-874e-980a788df854" Name="DayOfWeek" UserVisible="true" Description="Day of Week">
    <Feature Name="DayNumberOfWeek" Id="c82442ee-7346-4a53-aab4-63a6c1e96ee5" UserVisible="true" FeatureExtractor="true"
             Description="Day number of week"/>
    <Feature Name="DayNameOfWeek" Id="a78d02d6-f0d4-49bd-b785-9f196b1968c2" UserVisible="true" FeatureExtractor="true"
             Description="Day name of week"/>
</Feature>
<Feature Id="766d2ce0-5cac-41eb-8054-3064ac2bf97f" Name="DaysOfTenDays" UserVisible="true"
         Description="Day of Ten Days"/>
<Feature Id="ee93d0ac-dc5f-4ead-a4ae-493be7df7429" Name="DayOfMonth" UserVisible="true" Description="Day of Month">
    <Feature Name="DayNumberOfMonth" Id="d26109d4-385d-40b6-bd2b-06797a30f8f7" UserVisible="true"
             FeatureExtractor="true" Description="Day number of month"/>
</Feature>
<Feature Id="304037c8-08b1-4271-9ae1-7a5b90f14c41" Name="DayOfQuarter" UserVisible="true" Description="Day of Quarter"/>
<Feature Id="255b5482-ddde-4056-aad4-87dc02594736" Name="DayOfTrimester" UserVisible="true"
         Description="Day of Trimester"/>
<Feature Id="27b73a2a-8628-459d-9c07-eaef28cedb0d" Name="DayOfHalfYears" UserVisible="true"
         Description="Day of Half Year"/>
<Feature Id="658da3d5-f903-4afe-b048-099cdbc8a51e" Name="DayOfYear" UserVisible="true" Description="Day of Year"/>
<Feature Id="590c66d8-9aed-4409-997f-bfd3be1cd55f" Name="WeekOfYear" UserVisible="true" Description="Week of Year">
    <Feature Name="WeekNumberOfYear" Id="bb593e83-7845-4957-ad28-6dca0bd9eafa" UserVisible="true"
             FeatureExtractor="true" Description="Week number of year"/>
</Feature>
<Feature Id="4c1df868-dda2-400c-89a5-1715d41e2f68" Name="WeekOfHalfYears" UserVisible="true"
         Description="Week of Half Year"/>
<Feature Id="64dd1ddf-f21f-4f3f-803c-6191bfff2f38" Name="WeekOfQuarter" UserVisible="true"
         Description="Week of Quarter"/>
<Feature Id="cf59d33a-e495-4220-8ce1-87d0588b9553" Name="WeekOfTrimester" UserVisible="true"
         Description="Week of Trimester"/>
<Feature Id="5704f824-0b90-4b7a-8dd2-c0391bc6e305" Name="WeekOfMonth" UserVisible="true" Description="Week of Month"/>
<Feature Id="fb9366a8-ad43-45db-b52c-b04b00902a24" Name="TenDaysOfMonth" UserVisible="true"
         Description="Ten Days of Month"/>
<Feature Id="9939b31f-b684-4170-af47-406933c51dfb" Name="TenDayOfQuarter" UserVisible="true"
         Description="Ten Days of Quarter"/>
<Feature Id="a203e38a-7e08-4420-a1c8-f9ad733f2e57" Name="TenDayOfTrimester" UserVisible="true"
         Description="Ten Days of Trimester"/>
<Feature Id="2c4a6cc9-c29d-4ab3-a412-1c5687dd716d" Name="TenDayOfHalfYears" UserVisible="true"
         Description="Ten Days of Half Year"/>
<Feature Id="f7c0edc4-5c59-4e49-837e-1f3c43cbef41" Name="TenDayOfYear" UserVisible="true"
         Description="Ten Days of Year"/>
<Feature Id="9f49df41-84d2-499f-aa74-9d09ee1d229b" Name="MonthOfTrimester" UserVisible="true"
         Description="Month of Trimester"/>
<Feature Id="0ab5c409-e1d3-4df8-b1e5-64d1cdaec12e" Name="MonthOfQuarter" UserVisible="true"
         Description="Month of Quarter"/>
<Feature Id="df7fe186-aa87-4cd9-967e-a3c572c553af" Name="MonthOfHalfYears" UserVisible="true"
         Description="Month of Half Year"/>
<Feature Id="9ac0f333-f513-4f0d-aa12-6d6f671f892f" Name="MonthOfYear" UserVisible="true" Description="Month of Year">
    <Feature Name="MonthNumberOfYear" Id="fa0960e8-42de-44d3-8e50-d77574da3b5b" UserVisible="true"
             FeatureExtractor="true" Description="Month number of year"/>
    <Feature Name="MonthNameOfYear" Id="db61b9cd-250e-4225-8c80-2b2140f92f9a" UserVisible="true" FeatureExtractor="true"
             Description="Month name of year"/>
</Feature>
<Feature Id="3a1fc17d-dda1-43f3-b98e-8a940068a021" Name="TrimesterOfYear" UserVisible="true"
         Description="Trimester of Year"/>
<Feature Id="a51a2fc5-7d23-496c-bfd5-595173a433fc" Name="QuarterOfHalfYear" UserVisible="true"
         Description="Quarter of Half Year"/>
<Feature Id="ef93668f-9324-417d-81a5-f16389e8b3d1" Name="QuarterOfYear" UserVisible="true"
         Description="Quarter of Year"/>
<Feature Id="6070828b-61e5-495f-a7ed-10e4a66f8d55" Name="HalfYearsOfYear" UserVisible="true"
         Description="Half Year of Year"/>
<Feature Id="92e9b6f3-248b-4fad-a5f4-277718ec3eb8" Name="FiscalDay" UserVisible="true" Description="Fiscal Day"/>
<Feature Id="648fab04-4511-4d17-81e6-858f21a45ad0" Name="FiscalDayOfWeek" UserVisible="true"
         Description="Fiscal Day of Week"/>
<Feature Id="ca522350-518c-4bb6-aff5-3e1d5013e5aa" Name="FiscalDayOfMonth" UserVisible="true"
         Description="Fiscal Day of Month"/>
<Feature Id="fc3519b9-6f0d-48a9-af2a-a547425b8814" Name="FiscalDayOfQuarter" UserVisible="true"
         Description="Fiscal Day of Quarter"/>
<Feature Id="6fe4eaed-d630-4a58-949a-3c2348227614" Name="FiscalDayOfTrimester" UserVisible="true"
         Description="Fiscal Day of Trimester"/>
<Feature Id="81e0c405-e8cc-463a-a17a-e6ce70d7879a" Name="FiscalDayOfHalfYears" UserVisible="true"
         Description="Fiscal Day of Half Year  "/>
<Feature Id="cf3bcb36-5672-472e-8fff-58901d34a406" Name="FiscalDayOfYear" UserVisible="true"
         Description="Fiscal Day of Year"/>
<Feature Id="9c01acee-2653-4303-b5d0-b0b0d15f681e" Name="FiscalWeek" UserVisible="true" Description="Fiscal Week"/>
<Feature Id="bac8510c-c1b1-49d2-814a-62a2cbbbec80" Name="FiscalWeekOfYear" UserVisible="true"
         Description="Fiscal Week of Year"/>
<Feature Id="2e9e3868-f7f6-47b3-ab44-f69b324f3478" Name="FiscalWeekOfHalfYears" UserVisible="true"
         Description="Fiscal Week of Half Year"/>
<Feature Id="62021458-20d5-47f5-bf4a-dc0247a611a8" Name="FiscalWeekOfQuarter" UserVisible="true"
         Description="Fiscal Week of Quarter"/>
<Feature Id="6d8eada3-5c63-49a1-af72-05962407b590" Name="FiscalWeekOfTrimester" UserVisible="true"
         Description="Fiscal Week of Trimester"/>
<Feature Id="228c4cba-97af-4ea4-b978-801df2959817" Name="FiscalWeekOfMonth" UserVisible="true"
         Description="Fiscal Week of Month"/>
<Feature Id="f623ca19-f518-4cd2-9186-de6b26b3f06d" Name="FiscalMonth" UserVisible="true" Description="Fiscal Month"/>
<Feature Id="a8750045-58b5-49ca-83e9-49e4ff5edb8f" Name="FiscalMonthOfTrimester" UserVisible="true"
         Description="Fiscal Month of Trimester"/>
<Feature Id="b20d1e97-a030-480f-a191-0f71d819e32f" Name="FiscalMonthOfQuarter" UserVisible="true"
         Description="Fiscal Month of Quarter"/>
<Feature Id="010e40d3-c927-4adf-943c-bf6a1e5475d1" Name="FiscalMonthOfHalfYears" UserVisible="true"
         Description="Fiscal Month of Half Year "/>
<Feature Id="62de8210-5341-4698-842d-c659c9decfee" Name="FiscalMonthOfYear" UserVisible="true"
         Description="Fiscal Month of Year"/>
<Feature Id="8c13cce5-437e-476a-a990-e191efb6a012" Name="FiscalTrimester" UserVisible="true"
         Description="Fiscal Trimester"/>
<Feature Id="a7c4f18a-7701-491b-b22f-ef348cd7cd56" Name="FiscalTrimesterOfYear" UserVisible="true"
         Description="Fiscal Trimester of Year"/>
<Feature Id="3de753e4-18f9-4ff8-a983-adfb9bc280c1" Name="FiscalQuarter" UserVisible="true"
         Description="Fiscal Quarter"/>
<Feature Id="70f2ed47-3462-42cc-8ed6-8e93454b7c34" Name="FiscalQuarterOfYear" UserVisible="true"
         Description="Fiscal Quarter of Year"/>
<Feature Id="3a718107-6c61-4a7b-932c-8e2d49246915" Name="FiscalQuarterOfHalfYear" UserVisible="true"
         Description="Fiscal Quarter of Half Year "/>
<Feature Id="94e02f2f-c702-458f-8d1c-e2e1f29a2fc7" Name="FiscalHalfYears" UserVisible="true"
         Description="Fiscal Half Year "/>
<Feature Id="6ff58ec2-c22b-4374-803e-235369457420" Name="FiscalHalfYearsOfYear" UserVisible="true"
         Description="Fiscal Half Year of Year"/>
<Feature Id="c87efea5-590c-4925-86cf-e025acff081d" Name="FiscalYear" UserVisible="true" Description="Fiscal Year"/>
<Feature Id="00b65c92-8ba6-476f-a328-2789dee80cc1" Name="ReportingDay" UserVisible="true" Description="Reporting Day"/>
<Feature Id="7a1c1f77-380b-408b-a970-018a5bac4f1b" Name="ReportingDayOfWeek" UserVisible="true"
         Description="Reporting Day of Week"/>
<Feature Id="5322dd71-7139-43aa-94e3-9adbce8f16e3" Name="ReportingDayOfMonth" UserVisible="true"
         Description="Reporting Day of Month"/>
<Feature Id="70d63732-12b7-4a0f-95a8-93938a17e131" Name="ReportingDayOfQuarter" UserVisible="true"
         Description="Reporting Day of Quarter"/>
<Feature Id="dac3794b-4f1f-4b3a-9b8e-029ff8f12007" Name="ReportingDayOfTrimester" UserVisible="true"
         Description="Reporting Day of Trimester"/>
<Feature Id="f09fa231-735b-424d-aefe-2882824ce540" Name="ReportingDayOfHalfYears" UserVisible="true"
         Description="Reporting Day of Half Year"/>
<Feature Id="94467b3d-da7a-457e-bf82-a1b51808f856" Name="ReportingDayOfYear" UserVisible="true"
         Description="Reporting Day of Year"/>
<Feature Id="aef6aa28-37fe-4455-803b-d7863526d2db" Name="ReportingWeek" UserVisible="true"
         Description="Reporting Week"/>
<Feature Id="ae4b4671-d8a0-45b6-8334-e7c832d4cd8f" Name="ReportingWeekOfYear" UserVisible="true"
         Description="Reporting Week of Year"/>
<Feature Id="2591ff7b-1cd3-4803-8a85-2fdbfac24ffc" Name="ReportingWeekOfHalfYears" UserVisible="true"
         Description="Reporting Week of Half Year"/>
<Feature Id="b503dc18-17cb-44b3-8c10-357809a2d44a" Name="ReportingWeekOfQuarter" UserVisible="true"
         Description="Reporting Week of Quarter"/>
<Feature Id="df79e6ce-954d-4650-ab32-3036767806b8" Name="ReportingWeekOfTrimester" UserVisible="true"
         Description="Reporting Week of Trimester"/>
<Feature Id="d3da1dc2-f638-458f-a5d8-c4bb8ff5fef4" Name="ReportingWeekOfMonth" UserVisible="true"
         Description="Reporting Week of Month"/>
<Feature Id="94ffb216-9d74-4c4c-bead-7fdf552a56aa" Name="ReportingMonth" UserVisible="true"
         Description="Reporting Month"/>
<Feature Id="49cd897d-aad6-458c-82a4-28c85c61c585" Name="ReportingMonthOfTrimester" UserVisible="true"
         Description="Reporting Month of Trimester"/>
<Feature Id="e211d459-dfb3-44f6-a24f-744a449467f8" Name="ReportingMonthOfQuarter" UserVisible="true"
         Description="Reporting Month of Quarter"/>
<Feature Id="57a06f40-6cac-47b4-8f3a-4b1b7f6d2e5d" Name="ReportingMonthOfHalfYears" UserVisible="true"
         Description="Reporting Month of Half Year"/>
<Feature Id="b7f87b7d-23d9-41ac-9940-32085b3c75b6" Name="ReportingMonthOfYear" UserVisible="true"
         Description="Reporting Month of Year"/>
<Feature Id="969a9144-32af-4600-8704-37df06a1ffa4" Name="ReportingTrimester" UserVisible="true"
         Description="Reporting Trimester"/>
<Feature Id="86ca1704-c724-4dd2-ab54-62303c7d90a8" Name="ReportingTrimesterOfYear" UserVisible="true"
         Description="Reporting Trimester of Year"/>
<Feature Id="b416d9fe-3946-4a7a-b01e-23703ad12a6f" Name="ReportingQuarter" UserVisible="true"
         Description="Reporting Quarter"/>
<Feature Id="6ba4ae85-58d9-4bfc-8958-5b453e0febcf" Name="ReportingQuarterOfYear" UserVisible="true"
         Description="Reporting Quarter of Year"/>
<Feature Id="0d143406-1cb1-4f39-9653-9e1bc853f860" Name="ReportingQuarterOfHalfYear" UserVisible="true"
         Description="Reporting Quarter of Half Year "/>
<Feature Id="d4042361-aa4f-4488-8310-bafdc290668a" Name="ReportingHalfYears" UserVisible="true"
         Description="Reporting Half Year"/>
<Feature Id="db70d180-bb3f-4cc6-bd09-8a81681a9863" Name="ReportingHalfYearsOfYear" UserVisible="true"
         Description="Reporting Half Year of Year"/>
<Feature Id="b9dd69d2-d405-4063-9ca5-4901a4d02c3f" Name="ReportingYear" UserVisible="true"
         Description="Reporting Year"/>
<Feature Id="a56f9d47-762f-4827-893c-a43f22185f1a" Name="ManufacturingDay" UserVisible="true"
         Description="Manufacturing Day"/>
<Feature Id="f0866558-4581-4f78-9e43-97aeaa2f007a" Name="ManufacturingDayOfWeek" UserVisible="true"
         Description="Manufacturing Day of Week"/>
<Feature Id="57aadbc1-d7c7-44db-b57f-90a90c95a934" Name="ManufacturingDayOfMonth" UserVisible="true"
         Description="Manufacturing Day of Month"/>
<Feature Id="e6d6d90f-65f0-4fc3-b2ce-41f7fbc36fc0" Name="ManufacturingDayOfQuarter" UserVisible="true"
         Description="Manufacturing Day of Quarter"/>
<Feature Id="004beaab-dd63-415b-8344-e3da665de664" Name="ManufacturingDayOfTrimester" UserVisible="true"
         Description="Manufacturing Day of Trimester"/>
<Feature Id="35d9b78d-94ff-4332-bb72-832af7b5ffea" Name="ManufacturingDayOfHalfYears" UserVisible="true"
         Description="Manufacturing Day of Half Year"/>
<Feature Id="1b13b1e9-bf7a-4650-b91d-cfc6ff8bdd80" Name="ManufacturingDayOfYear" UserVisible="true"
         Description="Manufacturing Day of Year"/>
<Feature Id="35c3b6ad-b1c6-4c13-bff6-ea91d89b6831" Name="ManufacturingWeek" UserVisible="true"
         Description="Manufacturing Week"/>
<Feature Id="e6593eb5-b049-4e2f-8648-b4e3880c0fd8" Name="ManufacturingWeekOfYear" UserVisible="true"
         Description="Manufacturing Week of Year"/>
<Feature Id="cfe73b16-406d-4427-a2cb-d4799a94e550" Name="ManufacturingWeekOfHalfYears" UserVisible="true"
         Description="Manufacturing Week of Half Year"/>
<Feature Id="22d8b50d-1851-4686-a40a-c567ff667ee6" Name="ManufacturingWeekOfQuarter" UserVisible="true"
         Description="Manufacturing Week of Quarter"/>
<Feature Id="358d7c8c-4e42-4d51-af31-026a7052280e" Name="ManufacturingWeekOfTrimester" UserVisible="true"
         Description="Manufacturing Week of Trimester"/>
<Feature Id="2e137a77-51b0-406c-91c8-b6ff9a09a5a0" Name="ManufacturingWeekOfMonth" UserVisible="true"
         Description="Manufacturing Week of Month"/>
<Feature Id="56788e7c-2747-4b7f-9831-d4221c0a646f" Name="ManufacturingMonth" UserVisible="true"
         Description="Manufacturing Month"/>
<Feature Id="f5de301c-8b6c-42bf-b7ad-733412f1d514" Name="ManufacturingMonthOfTrimester" UserVisible="true"
         Description="Manufacturing Month of Trimester"/>
<Feature Id="5de75839-c793-4db9-a2d7-0179bef7d546" Name="ManufacturingMonthOfQuarter" UserVisible="true"
         Description="Manufacturing Month of Quarter"/>
<Feature Id="daafe2fb-7afc-47ed-bae2-fc034bbc0cf7" Name="ManufacturingMonthOfHalfYears" UserVisible="true"
         Description="Manufacturing Month of Half Year"/>
<Feature Id="7e34df01-28b8-48a6-822e-1153b9834996" Name="ManufacturingMonthOfYear" UserVisible="true"
         Description="Manufacturing Month of Year"/>
<Feature Id="8db8e6d9-21f9-4907-bdcf-0f3c59f62335" Name="ManufacturingTrimester" UserVisible="true"
         Description="Manufacturing Trimester"/>
<Feature Id="04e275ba-556e-4750-8454-9e3baf37b0de" Name="ManufacturingTrimesterOfYear" UserVisible="true"
         Description="Manufacturing Trimester of Year"/>
<Feature Id="4b838336-8496-4170-bae9-0a4624f10200" Name="ManufacturingQuarter" UserVisible="true"
         Description="Manufacturing Quarter"/>
<Feature Id="42bbda07-2d14-49f6-95c4-a575522ec9cc" Name="ManufacturingQuarterOfYear" UserVisible="true"
         Description="Manufacturing Quarter of Year"/>
<Feature Id="23d030cf-f2fe-43fe-8396-e02d4b370b23" Name="ManufacturingQuarterOfHalfYear" UserVisible="true"
         Description="Manufacturing Quarter of Half Year "/>
<Feature Id="714d377b-a05c-4e4f-8c1a-9d8ef1568115" Name="ManufacturingHalfYears" UserVisible="true"
         Description="Manufacturing Half Year"/>
<Feature Id="e4e2088d-c084-44df-9bc3-b5392ca7e63d" Name="ManufacturingHalfYearsOfYear" UserVisible="true"
         Description="Manufacturing Half Year of Year"/>
<Feature Id="3fb6bf8a-f3ae-47b5-9c52-187139e8d293" Name="ManufacturingYear" UserVisible="true"
         Description="Manufacturing Year"/>
<Feature Id="f23b4f96-e8d8-4c6b-b1c3-40b3b2ee164f" Name="ISO8601Year" UserVisible="true" Description="ISO 8601 Year"/>
<Feature Id="c6e938ad-f69e-4ef8-b486-57e0334ee8e6" Name="ISO8601Week" UserVisible="true" Description="ISO 8601 Week"/>
<Feature Id="ac3c1427-7b8a-4a68-a5fe-0a816c39cd5c" Name="ISO8601Days" UserVisible="true" Description="ISO 8601 Day"/>
<Feature Id="809a124d-a203-4b1b-b62b-173f3110ca69" Name="ISO8601DayOfWeek" UserVisible="true"
         Description="ISO 8601 Day of Week"/>
<Feature Id="261f0572-f5f3-49bd-8aac-4db646fb2d1c" Name="ISO8601DayOfYear" UserVisible="true"
         Description="ISO 8601 Day of Year"/>
<Feature Id="072c3bda-2103-4979-a6a2-f5ff73b339f6" Name="ISO8601WeekOfYear" UserVisible="true"
         Description="ISO 8601 Week of Year"/>
<Feature Id="089189ae-f7a1-4ca0-815c-2b75d7a0a7ff" Name="IsPeakDay" UserVisible="true" Description="Is Peak Day"/>
<Feature Id="76180cac-d44a-4db8-acaf-4a9c2118a89e" Name="WinterSummerSeason" UserVisible="true"
         Description="Winter / Summer Season"/>
<Feature Id="b0e696f3-6f7f-4e0f-af6a-0c327af881a2" Name="ScdEndDate" UserVisible="true"
         Description="Slowly Changing Dimension - End Date"/>
<Feature Id="859b465e-ee51-4cd1-9b9d-ec43e6f44778" Name="ScdOriginalID" UserVisible="true"
         Description="Slowly Changing Dimension - Original ID"/>
<Feature Id="4e2a6836-9fdc-4431-aba5-f089ec0798a0" Name="ScdStartDate" UserVisible="true"
         Description="Slowly Changing Dimension - Date"/>
<Feature Id="589cd8fb-9a07-4fd5-ae1c-c5fd3fefe94d" Name="ScdStatus" UserVisible="true"
         Description="Slowly Changing Dimension - Status "/>
<Feature Id="a2c459b3-8ea1-4e70-b5ca-01c485faf8a0" Name="DeletedFlag" UserVisible="true" Description="Deleted Flag"/>
<Feature Id="a9c6b14b-dd05-4cbd-a16a-7bd364d07dc6" Name="ImageBmp" UserVisible="true" Description="Bitmap Image"/>
<Feature Id="7cd9ca6e-1002-47de-b493-09eb5bc1297d" Name="ImageGif" UserVisible="true" Description="GIF Image"/>
<Feature Id="6ce0aa25-e72d-487b-bbef-69c51039541b" Name="ImageJpg" UserVisible="true" Description="JPEG Image"/>
<Feature Id="4070e1c2-7f72-4a07-9296-2281ca790f82" Name="ImagePng" UserVisible="true" Description="PNG Image"/>
<Feature Id="6dcee6b9-e299-41a3-8afb-17db89c422eb" Name="ImageTiff" UserVisible="true" Description="TIFF Image"/>
<Feature Id="12146a3a-9c9d-4f82-a586-acda00616ee2" Name="Project" UserVisible="true" Description="Project "/>
<Feature Id="57a503cb-4552-4071-b219-2557176af47c" Name="Color" UserVisible="true" FeatureExtractor="true"
         Description="Color Name"/>
<Feature Id="92fedefa-0561-4be2-b4a7-b0f7a0e0e02e" Name="RowNumber" UserVisible="true" Description="Row Number"/>
<Feature Name="DataType" Id="36cd0ac8-592e-4a3b-b317-cfd943173c0d">
    <Feature Name="Boolean" Id="d3024229-a97a-4235-b061-c5d411f44e93" UserVisible="true"/>
    <Feature Name="Date" Id="36028507-eb05-438c-bf79-7964062467c0" UserVisible="true" FeatureExtractor="true"/>
    <Feature Name="Time" Id="03c01dcf-4385-40a5-9870-4a896244c752" UserVisible="true">
        <Feature Name="TimeZone" Id="DBD62C64-DC7B-439F-9CEE-680B6416FECB" UserVisible="true" FeatureExtractor="true"
                 Description="Time zone"/>
        <Feature Name="TimeZoneNames" Id="27625FF5-2060-4395-8432-B8EB133DBB69" UserVisible="true"
                 FeatureExtractor="true" Description="Time zone name"/>
    </Feature>
    <Feature Name="TimeSpan" Id="9da662ae-ebc8-4229-9a80-d48d39953967" UserVisible="true"/>
    <Feature Name="Number" Id="83b1ddfe-a15b-4fc5-b72f-057d4e69f816" UserVisible="true">
        <Feature Name="Float" Id="0d3e141a-c09f-4d78-b91c-022e62f8a472" UserVisible="true">
            <Feature Name="Latitude" Id="5e320d1d-f655-4e7b-a359-58ef8a7c4f64" UserVisible="true">
                <Feature Name="StringLatitude" Id="7cf3d15f-253f-4e52-b9fc-ca5e252577a4" UserVisible="false"
                         FeatureExtractor="true"/>
                <Feature Name="NumericLatitude" Id="f4994fbd-a6d7-4691-91dd-9b3663d4b402" UserVisible="false"
                         FeatureExtractor="true"/>
            </Feature>
            <Feature Name="Longitude" Id="817e5e71-9ca9-44a3-8f10-16b43838f064" UserVisible="true">
                <Feature Name="StringLongitude" Id="31a9fa4f-65c1-4643-a879-f888598929db" UserVisible="false"
                         FeatureExtractor="true"/>
                <Feature Name="NumericLongitude" Id="658e41d5-25d1-46cf-a255-033c670530b2" UserVisible="false"
                         FeatureExtractor="true"/>
            </Feature>
            <Feature Name="Point" Id="fcb5f6c7-f8a8-4160-aee2-3bee6141a495" UserVisible="true"/>
        </Feature>
        <Feature Name="Integer" Id="25594a40-edac-438f-bee8-14b03347d9a7" UserVisible="true"/>
    </Feature>
    <Feature Name="Binary" Id="78ece34e-e9d3-49ee-aa6f-4bcddc1bcbbe" UserVisible="true">
        <Feature Name="Image" Id="8be5f05e-1af5-40aa-a679-1714c67ccf17" UserVisible="true">
            <Feature Name="ImageJpeg.MimeType" Id="15057b99-105f-463e-a200-ed837f05c528" UserVisible="false"
                     FeatureExtractor="true"/>
            <Feature Name="ImagePng.MimeType" Id="3a43f7ce-a35b-43a6-9bce-0288549fe80d" UserVisible="false"
                     FeatureExtractor="true"/>
        </Feature>
        <Feature Name="SQLServerGeospatial" Id="4c4a6f06-8102-4beb-b54a-11776ead80f3" UserVisible="true">
            <Feature Name="Geography" Id="6da8d941-7810-4c0a-8cdf-79d53d07b0de" UserVisible="true"/>
            <Feature Name="Geometry" Id="a5b3a8cb-1f12-4ccc-9e69-7428f65248d8" UserVisible="true"/>
        </Feature>
    </Feature>
    <Feature Name="Text" Id="cb39c553-9f0f-4336-8e9c-151bb4fb9429" UserVisible="true">
        <Feature Name="URL" Id="66869351-cd60-4799-8660-bd2e5554b83d" UserVisible="true">
            <Feature Name="WebURL" Id="15ae36d3-a7ce-460e-87eb-97eefc4099ca" UserVisible="true" FeatureExtractor="true"
                     Description="Web URL"/>
            <Feature Name="ImageURL" Id="0ee2ef46-7525-4f5e-8521-dab68fc68f02" UserVisible="true"
                     FeatureExtractor="true"/>
        </Feature>
        <Feature Name="Email" Id="b47be76c-ec48-4756-b99a-94dcd4eadd4e" UserVisible="true" FeatureExtractor="true"/>
        <Feature Name="IPAddress" Id="37519a69-2552-4adf-afe6-fa4f410574dd" UserVisible="true" FeatureExtractor="true"/>
        <Feature Name="CreditCardNumber" Id="f786b1ce-8985-4df1-857f-5a34fc0ebc47" UserVisible="true"
                 FeatureExtractor="true">
            <Feature Name="AmexCreditCard" Id="39CE9756-F937-483F-AE19-474D9C32666B" UserVisible="true"
                     FeatureExtractor="true"/>
            <Feature Name="BankcardCreditCard" Id="70045CFB-33E8-4861-A436-643478AF21E8" UserVisible="true"
                     FeatureExtractor="true"/>
            <Feature Name="ChinaUnionPayCreditCard" Id="06FB9A40-46BA-47F6-9D91-D1E5CC2A062E" UserVisible="true"
                     FeatureExtractor="true"/>
            <Feature Name="DinersClubCarteBlancheCreditCard" Id="06819934-D591-450D-BD81-CBE39DC9506E"
                     UserVisible="true" FeatureExtractor="true"/>
            <Feature Name="DinersClubenRouteCreditCard" Id="574CB7DC-7239-46A0-BEF6-F1DE772471A7" UserVisible="true"
                     FeatureExtractor="true"/>
            <Feature Name="DinersClubInternationalCreditCard" Id="D5E1ED13-CD00-4D95-88D5-710F13C853E0"
                     UserVisible="true" FeatureExtractor="true"/>
            <Feature Name="DiscoverCreditCard" Id="06406650-5180-4504-AC38-EE56203FA929" UserVisible="true"
                     FeatureExtractor="true"/>
            <Feature Name="InstaPaymentCreditCard" Id="D06C41FA-8C93-4864-B50D-8E44FE2E37F3" UserVisible="true"
                     FeatureExtractor="true"/>
            <Feature Name="JcbCreditCard" Id="EDCE8029-19F7-4929-8DDE-6E8BF6B32CB5" UserVisible="true"
                     FeatureExtractor="true"/>
            <Feature Name="LaserCreditCard" Id="BE63B508-3C2A-47ED-970D-A5BBE5BFFE02" UserVisible="true"
                     FeatureExtractor="true"/>
            <Feature Name="MaestroCreditCard" Id="76BE3072-5C75-48C3-85BB-7DC8B4BFA085" UserVisible="true"
                     FeatureExtractor="true"/>
            <Feature Name="MasterCreditCard" Id="BE26439A-9241-403A-86C2-B0E63BA01CF6" UserVisible="true"
                     FeatureExtractor="true"/>
            <Feature Name="SoloCreditCard" Id="23F83BB1-A1EB-4DAF-A065-C307A6E9CD59" UserVisible="true"
                     FeatureExtractor="true"/>
            <Feature Name="SwitchCreditCard" Id="03639180-0C80-460B-A2EE-3F7CF916263C" UserVisible="true"
                     FeatureExtractor="true"/>
            <Feature Name="VisaCreditCard" Id="383D778B-00EF-4F1B-9A6F-AC5F400D1EB6" UserVisible="true"
                     FeatureExtractor="true"/>
        </Feature>
        <Feature Name="IndustryCodes" Id="C6FC2248-36D9-47D0-9FCC-CCFCF3880678" UserVisible="true">
            <Feature Name="NAICSTitles2007" Id="87C8846A-F5F0-4B52-ACC9-76D88AD0FD39" UserVisible="true"
                     FeatureExtractor="true" Description="NAICS titles for industries"/>
            <Feature Name="NAICSCodes2007" Id="E4A02CD8-1E6C-4BE9-97F7-35B9D4DF4247" UserVisible="true"
                     FeatureExtractor="true" Description="NAICS codes for industries"/>
            <Feature Name="SicTitles" Id="A8FCE467-88B8-40D2-A977-5EFA715E70CB" UserVisible="true"
                     FeatureExtractor="true" Description="SIC titles for industries"/>
            <Feature Name="SICCodes" Id="9BF21930-0D65-40C0-8E50-FCA35B8F7923" UserVisible="true"
                     FeatureExtractor="true" Description="SIC codes for industries"/>
        </Feature>
        <Feature Name="ISBN" Id="fb918d31-5a0d-41df-8706-535a1fdfaefe" UserVisible="true" FeatureExtractor="true"/>
        <Feature Name="ISRCCode" Id="9E0E48D4-8930-405B-A9DE-EACE0E45ADF2" UserVisible="true" FeatureExtractor="true"/>
        <Feature Name="SSN" Id="1f987eb6-5ddd-4b33-a91c-6a2866bfd17d" UserVisible="true" FeatureExtractor="true"/>
        <Feature Name="StockSymbol" Id="cf3a9123-99ad-4555-9095-f7e9462afd87" UserVisible="true"
                 FeatureExtractor="true"/>
        <Feature Name="ProductUPCA" Id="3cc4ba20-610e-4e79-8383-4f51b9d914da" UserVisible="true"
                 FeatureExtractor="true"/>
        <Feature Name="DunsNumber" Id="646e8235-2b86-497f-a415-66a822ff1f5e" UserVisible="true"
                 FeatureExtractor="true"/>
        <Feature Name="PhoneNumber" Id="1612961c-6cc4-4a27-838b-e30f6fbfeacd" UserVisible="true">
            <Feature Name="PhoneNumberUS" Id="04fd09be-8fe5-4ae6-9cec-0d900f7b7246" UserVisible="true"
                     FeatureExtractor="true"/>
            <Feature Name="PhoneNumberUK" Id="30c3b157-ebc7-47d7-bef5-96d3b46a40e2" UserVisible="true"
                     FeatureExtractor="true"/>
            <Feature Name="PhoneNumberDutch" Id="1470da6a-721a-426b-9aba-d676cae992bf" UserVisible="true"
                     FeatureExtractor="true"/>
            <Feature Name="PhoneNumberBrazil" Id="8facedae-28c9-4c4e-baef-fbed36f1772f" UserVisible="true"
                     FeatureExtractor="true"/>
            <Feature Name="PhoneNumberSouthAfricaCell" Id="a98d292c-ed43-4f19-a487-206d1d160a7d" UserVisible="true"
                     FeatureExtractor="true"/>
            <Feature Name="PhoneNumberIntl" Id="221a9806-599a-479d-bcc1-16e86474c3de" UserVisible="true"/>
        </Feature>
        <Feature Name="Currency" Id="84c8f239-c150-48b7-a0ea-756d1e772ebf" UserVisible="true">
            <Feature Name="USDollar" Id="dd6efaf5-e13a-4e02-b509-52f3f732e168" UserVisible="true"/>
            <Feature Name="SwitzerlandFranc" Id="52217796-8113-4878-8ea3-a67c0d9e70d6" UserVisible="true"/>
        </Feature>
        <Feature Name="DataSchema" Id="a7b991a9-a60e-4604-b05d-9c4c0290feb5">
            <Feature Name="AddressSchema" Id="e8a6f0ca-06a4-42c7-93f1-2b5c3020e4de" FeatureExtractor="true"/>
            <Feature Name="CitySchema" Id="e08150b9-d803-4528-9842-10df8452c069" FeatureExtractor="true"/>
            <Feature Name="CompanySchema" Id="73804697-a938-49df-924c-2c6e28b983eb" FeatureExtractor="true"/>
            <Feature Name="CountrySchema" Id="1c6a8e9d-073d-42ee-8745-f416e09344d0" FeatureExtractor="true"/>
            <Feature Name="CountySchema" Id="85bcfe4e-b97f-46d8-818b-db7337fce9d6" FeatureExtractor="true"/>
            <Feature Name="DateEuroSchema" Id="6cad5b18-789b-4ca9-865b-f3795034c3d5" FeatureExtractor="true"/>
            <Feature Name="FeetAndInchesSchema" Id="b86e182e-14a5-4486-bbb2-9a5fed0d6059" FeatureExtractor="true"/>
            <Feature Name="ISBNSchema" Id="26a24806-3a14-441b-8ec6-c9d77d932809" FeatureExtractor="true"/>
            <Feature Name="LatitudeSchema" Id="7a1a6b9a-bd3b-4134-8cb3-2c1320438faa" FeatureExtractor="true"/>
            <Feature Name="LongitudeSchema" Id="a8e519b6-2386-4bba-93b2-70038bb69150" FeatureExtractor="true"/>
            <Feature Name="PhoneNumberDutchSchema" Id="01cc190a-a24b-435e-8b92-437f4c235563" FeatureExtractor="true"/>
            <Feature Name="SSNSchema" Id="79cc239c-8d52-4400-8c47-b47447a95c91" FeatureExtractor="true"/>
            <Feature Name="StateSchema" Id="3dbe8200-17d2-4c10-a9f8-313fa18a0821" FeatureExtractor="true"/>
            <Feature Name="USZipSchema" Id="687af80a-f2fe-4f06-9d66-e9acf8e93b46" FeatureExtractor="true"/>
            <Feature Name="StockSchema" Id="e2ca16ff-f196-4133-bc51-c32d2a55a22a"/>
            <Feature Name="DunsSchema" Id="5e5bf8f4-acc1-426a-9d41-83bcc4457469" FeatureExtractor="true"/>
        </Feature>
    </Feature>
</Feature>
<Feature Name="Thing" Id="6d2360ce-4f97-4f08-9478-d8d73e3f10ad" UserVisible="true">
    <Feature Name="Place" Id="8b0a0df8-dbf8-44a0-82df-ac1bd2ba0eea" UserVisible="true">
        <Feature Name="Continent" Id="d63b864d-7fcd-4ba7-b9da-5b0645917deb" UserVisible="true" FeatureExtractor="true"/>
        <Feature Name="Country" Id="4fc86a7b-6daa-4d8e-9f1a-6aac90c6fc4a" UserVisible="true" FeatureExtractor="true">
            <Feature Name="TLDs" Id="5bfaee7d-cbcd-40ff-9923-e376c45a463a" UserVisible="true" FeatureExtractor="true"
                     Description="Top level domains"/>
            <Feature Name="FIPS10Codes" Id="81d7e7cb-80db-4d8d-91af-c14b1e979998" UserVisible="true"
                     FeatureExtractor="true" Description="FIPS 10 codes for countries"/>
            <Feature Name="CountryCodeISO3166Alpha2" Id="F19C14F9-DC6A-4FBE-A0FC-A5E21E93D0F3" UserVisible="true"
                     FeatureExtractor="true" Description="ISO 3166 alpha codes for countries"/>
            <Feature Name="CountryCodeISO3166Alpha3" Id="198D1FD6-8E56-4924-9F37-CC508E485DE5" UserVisible="true"
                     FeatureExtractor="true" Description="ISO 3166 alpha codes for countries"/>
            <Feature Name="CountryCapitals" Id="CEE76348-0B15-4350-B08D-895FF4A9247D" UserVisible="true"
                     FeatureExtractor="true" Description="Capital of countries"/>
        </Feature>
        <Feature Name="State" Id="936576f2-74dd-4c7f-9388-2104cbfda983" UserVisible="true" FeatureExtractor="true">
            <Feature Name="FIPSNumericCodes" Id="1b247592-a9f6-4086-80bf-6f573801d7c5" UserVisible="true"
                     FeatureExtractor="true"/>
            <Feature Name="FIPSAlphaCodes" Id="50708ab3-ef31-45e3-98f9-7f652496ddea" UserVisible="true"
                     FeatureExtractor="true"/>
        </Feature>
        <Feature Name="County" Id="4f71f78e-bb89-4c3c-b424-f8b627099d99" UserVisible="true" FeatureExtractor="true"/>
        <Feature Name="City" Id="51c88df7-586b-4836-9312-4c2ef4d61270" UserVisible="true" FeatureExtractor="true"/>
        <Feature Name="CityAndState" Id="95e69638-8fd6-4881-997b-d71228b2062d" UserVisible="true"
                 FeatureExtractor="true"/>
        <Feature Name="Address" Id="0fd124d0-fb6a-44fa-bb20-6e6bed65453e" UserVisible="true"/>
        <Feature Name="PostalCode" Id="6798a5ba-ad8d-49e4-8fbd-6cfc06de8fec" UserVisible="true">
            <Feature Name="ZipCodeUS" Id="dde6dfd2-042a-4529-a936-af241c3003e6" FeatureExtractor="true">
                <Feature Name="ZipCodeUSPlus" Id="b49a1a5d-1c1c-42f1-8e75-e14a7e5e0d66" FeatureExtractor="true"/>
            </Feature>
            <Feature Name="ZipCodeCanada" Id="32c7fd3f-195f-40ce-a597-45cf6dee0697" FeatureExtractor="true"/>
            <Feature Name="ZipCodeSweden" Id="1bbd4cb1-c10f-4ea4-b952-83b26e7eb96e" FeatureExtractor="true"/>
        </Feature>
    </Feature>
    <Feature Name="People" Id="098158b7-58e2-4df5-a8ef-4c72ba7955a6" UserVisible="true">
        <Feature Name="Actor" Id="84564cb3-6983-4010-9986-69d1e1ddc280" UserVisible="true" FeatureExtractor="true"/>
        <Feature Name="Politician" Id="8ec37ab2-0755-44fb-b1da-f2a0487ed691" UserVisible="true"
                 FeatureExtractor="true"/>
        <Feature Name="Musician" Id="11c2093f-9a1e-4d6e-b0c0-75c691a18308" UserVisible="true" FeatureExtractor="true"/>
    </Feature>
    <Feature Name="Organization" Id="e10f8bf3-6c57-421a-a48a-bd3e2a70570d" UserVisible="true">
        <Feature Name="Company" Id="780ffa5e-d714-4401-b89c-401ef6993c6e" UserVisible="true" FeatureExtractor="true"/>
        <Feature Name="MLBTeam" Id="79f512f6-d73c-4d3a-a274-dba96747da6a" UserVisible="true" FeatureExtractor="true"/>
        <Feature Name="PharmDrugStore" Id="f41b0093-dafe-4be0-b9f2-33929611ae07" UserVisible="true"
                 FeatureExtractor="true"/>
        <Feature Name="USHospital" Id="331bf6a1-6eab-40da-adb9-c1314ba6dc56" UserVisible="true"
                 FeatureExtractor="true"/>
        <Feature Name="USUniversity" Id="d9a5855e-d726-46ee-8431-911bd812e4ce" UserVisible="true"
                 FeatureExtractor="true"/>
    </Feature>
    <Feature Name="Product" Id="7e227a64-e35d-43d9-85a9-f9e37644c4ad" UserVisible="true">
    </Feature>
    <Feature Name="Intangible" Id="3748941b-1237-45ac-9040-fee0926028fd" UserVisible="true">
        <Feature Name="Language" Id="2900f659-f9aa-4478-a8b7-9353a8eccc2b" UserVisible="true">
            <Feature Name="USEnglish" Id="83b748d6-ca61-4260-aad5-0a728aa22d71"/>
            <Feature Name="BREnglish" Id="4ae8f458-0a2d-4c9e-a220-07a2adac6652"/>
            <Feature Name="Spanish" Id="94671090-a51a-4f5d-87e5-ac0b044dd634"/>
            <Feature Name="LanguageCode" Id="6f776dde-38da-4941-8170-96afa4cd1e20" UserVisible="true"
                     FeatureExtractor="true" Description="Language Code"/>
            <Feature Name="LanguageName" Id="31454e52-52d5-43eb-adca-b680d65ed5c7" UserVisible="true"
                     FeatureExtractor="true" Description="Language Name"/>
        </Feature>
        <Feature Name="MedicalCondition" Id="8b0a8a3f-5919-479c-a10f-39aa75b416ed" UserVisible="true"
                 FeatureExtractor="true"/>
    </Feature>
    <Feature Name="CreativeWork" Id="4c3fead2-8619-4f6d-92fb-f48a64dd2633" UserVisible="true">
        <Feature Name="Book" Id="9b6343bd-e158-4319-9b37-e2cfaafc5ed8" UserVisible="true"/>
        <Feature Name="Article" Id="270e9183-2a2e-4e15-988e-3a6481a2c2c1" UserVisible="true"/>
        <Feature Name="Webpage" Id="ae9b20d6-f0cd-4ac1-88f2-79aba5c99709" UserVisible="true"/>
        <Feature Name="Movie" Id="f4bdf057-e1bd-4842-b3a9-336b824f1511" UserVisible="true"/>
        <Feature Name="Music" Id="1e4cdb82-1b5e-4b34-a39a-ea62061e9761" UserVisible="true"/>
        <Feature Name="Painting" Id="730d6ccb-dffa-48b5-ab9a-93965c3d6ca2" UserVisible="true"/>
        <Feature Name="Photograph" Id="dcc0f859-61e2-4c47-bef6-6365fcb69f4a" UserVisible="true"/>
        <Feature Name="TV" Id="c5734288-c098-4082-9f76-4304b825c7e7" UserVisible="true"/>
    </Feature>
    <Feature Name="Event" Id="deb9d722-3efa-4be6-88c4-1d1be1e6c3ee" UserVisible="true">
        <Feature Name="BusinessEvent" Id="ea20aabd-7e4f-4344-a815-5deb68909de3" UserVisible="true"/>
        <Feature Name="SportsEvent" Id="53e55b67-cb94-4adf-99e2-9f85c871378a" UserVisible="true"/>
        <Feature Name="ChilrensEvent" Id="d60a1386-6f6d-4e3c-81f5-345ddc438f91" UserVisible="true"/>
        <Feature Name="EducationEvent" Id="3464d61d-a280-472e-9571-4145e4086942" UserVisible="true"/>
        <Feature Name="SaleEvent" Id="21634fdb-4278-401d-a631-70928c678353" UserVisible="true"/>
        <Feature Name="MusicalEvent" Id="88017cd5-68c0-4b55-b3d5-fc44b1918e09" UserVisible="true"/>
        <Feature Name="TheaterEvent" Id="b05b59d5-60f8-4f20-8394-a9152c8bc8e8" UserVisible="true"/>
    </Feature>
</Feature>
</Feature>
       