<?xml version="1.0"?>
<!--
** DO NOT EDIT THIS FILE.
** If you make changes to this file while any VirtualBox related application
** is running, your changes will be overwritten later, without taking effect.
** Use VBoxManage or the VirtualBox Manager GUI to make changes.
-->
<VirtualBox xmlns="http://www.virtualbox.org/" version="1.12-windows">
  <Global>
    <ExtraData>
      <ExtraDataItem name="GUI/Details/Elements" value="general,system,preview,display,storage,audio,network,usb,sharedFoldersClosed,descriptionClosed"/>
      <ExtraDataItem name="GUI/GroupDefinitions/" value="n=GLOBAL,m=3615cc09-cd1d-4664-be30-5277e5766b70"/>
      <ExtraDataItem name="GUI/HideDescriptionForWizards" value="ImportAppliance"/>
      <ExtraDataItem name="GUI/LastItemSelected" value="m=Bank of O'Callaghan"/>
      <ExtraDataItem name="GUI/LastWindowPosition" value="919,49,947,520"/>
      <ExtraDataItem name="GUI/SplitterSizes" value="313,633"/>
      <ExtraDataItem name="GUI/Tools/LastItemsSelected" value="Welcome,Details"/>
      <ExtraDataItem name="HostOnly/{f6c0898c-86de-40ee-bc75-4008a7838de2}/IPAddress" value="192.168.56.1"/>
      <ExtraDataItem name="HostOnly/{f6c0898c-86de-40ee-bc75-4008a7838de2}/IPNetMask" value="255.255.255.0"/>
      <ExtraDataItem name="HostOnly/{f6c0898c-86de-40ee-bc75-4008a7838de2}/IPV6Address" value="fe80::a881:3d25:44b:54af"/>
      <ExtraDataItem name="HostOnly/{f6c0898c-86de-40ee-bc75-4008a7838de2}/IPV6PrefixLen" value="64"/>
      <ExtraDataItem name="HostOnly/{f6c0898c-86de-40ee-bc75-4008a7838de2}/Name" value="VirtualBox Host-Only Ethernet Adapter"/>
    </ExtraData>
    <MachineRegistry>
      <MachineEntry uuid="{3615cc09-cd1d-4664-be30-5277e5766b70}" src="C:\Users\user\VirtualBox VMs\Bank of O_Callaghan\Bank of O_Callaghan.vbox"/>
    </MachineRegistry>
    <NetserviceRegistry>
      <DHCPServers>
        <DHCPServer networkName="HostInterfaceNetworking-VirtualBox Host-Only Ethernet Adapter" IPAddress="192.168.56.100" networkMask="255.255.255.0" lowerIP="192.168.56.101" upperIP="192.168.56.254" enabled="1"/>
      </DHCPServers>
    </NetserviceRegistry>
    <SystemProperties defaultMachineFolder="C:\Users\user\VirtualBox VMs" defaultHardDiskFormat="VDI" VRDEAuthLibrary="VBoxAuth" webServiceAuthLibrary="VBoxAuth" LogHistoryCount="3" proxyMode="0" exclusiveHwVirt="false"/>
    <USBDeviceFilters/>
  </Global>
</VirtualBox>
