<?xml version="1.0" encoding="UTF-8"?>
<wae_tracker client_sign="{83274dba-619e-4f97-930d-7f72baefcfa4G}" product_id="5239">
<waever>204</waever>
<waeversion>3.0.3.6</waeversion>
<waenamepid>5239</waenamepid>
<channel>sku-ween-ween</channel>
<client_sign>{83274dba-619e-4f97-930d-7f72baefcfa4G}</client_sign>
<closetype>0</closetype>
<defchannel>sku-ween-ween</defchannel>
<downcode>0</downcode>
<downend>1640310506</downend>
<downgrogress>70</downgrogress>
<downpackagebits>64</downpackagebits>
<downpackagemd5>3B0DD93FA84DB40D047256C310C2B7DE</downpackagemd5>
<downspeed>1776587</downspeed>
<downstart>1640310432</downstart>
<downstatus>3</downstatus>
<downtime>74</downtime>
<installcode>0</installcode>
<installend>1640311157</installend>
<installpageopencode>42</installpageopencode>
<installpageopentime>1640311393</installpageopentime>
<installstart>1640310506</installstart>
<installstatus>3</installstatus>
<installtime>651</installtime>
<isjoinexp>1</isjoinexp>
<packagesize>131467480</packagesize>
<preinstalled>0</preinstalled>
<prodcutver>8.3.5.1199</prodcutver>
<prodstartcode>42</prodstartcode>
<prodstarttime>1640311390</prodstarttime>
<product_id>5239</product_id>
<retrytips>0</retrytips>
<selectlang>ENG</selectlang>
<serverxmlmd5>3b0dd93fa84db40d047256c310c2b7de,be743f548bf4c3d8c6f9f6fbe53c8bac,4a817b8e394a9a4fddb86c7a1e346a04,be743f548bf4c3d8c6f9f6fbe53c8bac,4a817b8e394a9a4fddb86c7a1e346a04,3b0dd93fa84db40d047256c310c2b7de</serverxmlmd5>
<startupproduct>5239</startupproduct>
<xmlprodcutver>8.3.5</xmlprodcutver>
<winver>10.0.19043</winver>
<winbits>64</winbits>
<iever>9.11.19041.0</iever>
<waestart>1640310411</waestart>
<waeend>1640311394</waeend>
<downstate>1000</downstate>
<installstate>2000</installstate>
<cdniplist>47.246.23.215</cdniplist>
<bindtasks>-</bindtasks>
<binddownfail>-</binddownfail>
<bindinstallfail>-</bindinstallfail>
<binddowntime/>
<bindinstalltime/>
<crash>0</crash>
<crashcode>0</crashcode>
<crashattr>0x00000000</crashattr>
<crashoffset>0</crashoffset>
<crashfilename>-</crashfilename>
<crashsection>-</crashsection>
<timezone>-9</timezone>
<syslcid>1033</syslcid>
<srceensize>1920*1080</srceensize>
<waeclose>1640311394</waeclose>
<remark1>{"filemd5_5239":"3B0DD93FA84DB40D047256C310C2B7DE"},{"matchmd5_5239":1}</remark1>
<remark2/>
<remark3/>
</wae_tracker>
