<application>
  <component name="DependencyUISettings">
    <option name="UI_SHOW_MODULE_GROUPS" value="false" />
    <option name="UI_FILTER_LEGALS" value="true" />
    <option name="SCOPE_TYPE" value="file" />
  </component>
  <component name="UISettings">
    <option name="CONSOLE_COMMAND_HISTORY_LIMIT" value="1000" />
    <option name="OPEN_IN_PREVIEW_TAB_IF_POSSIBLE" value="true" />
    <option name="OVERRIDE_CONSOLE_CYCLE_BUFFER_SIZE" value="true" />
    <option name="SORT_LOOKUP_ELEMENTS_LEXICOGRAPHICALLY" value="true" />
    <option name="SORT_TABS_ALPHABETICALLY" value="true" />
    <option name="USE_SMALL_LABELS_ON_TABS" value="true" />
  </component>
</application>