<?xml version="1.0" encoding="UTF-8"?>
<project version="4">
  <component name="ChangeListManager">
    <list default="true" id="d7f134f0-089b-42e2-971c-867b13b2ec3d" name="Changes" comment="" />
    <option name="SHOW_DIALOG" value="false" />
    <option name="HIGHLIGHT_CONFLICTS" value="true" />
    <option name="HIGHLIGHT_NON_ACTIVE_CHANGELIST" value="false" />
    <option name="LAST_RESOLUTION" value="IGNORE" />
  </component>
  <component name="MarkdownSettingsMigration">
    <option name="stateVersion" value="1" />
  </component>
  <component name="ProjectId" id="25yiJbDZrawtmEn4prl9dx69pwk" />
  <component name="ProjectLevelVcsManager" settingsEditedManually="true" />
  <component name="ProjectViewState">
    <option name="hideEmptyMiddlePackages" value="true" />
    <option name="showLibraryContents" value="true" />
  </component>
  <component name="PropertiesComponent">
    <property name="RunOnceActivity.OpenProjectViewOnStart" value="true" />
    <property name="RunOnceActivity.ShowReadmeOnStart" value="true" />
    <property name="WebServerToolWindowFactoryState" value="false" />
    <property name="settings.editor.selected.configurable" value="Settings.JavaScript" />
  </component>
  <component name="SpellCheckerSettings" RuntimeDictionaries="0" Folders="0" CustomDictionaries="0" DefaultDictionary="application-level" UseSingleDictionary="true" transferred="true" />
  <component name="TaskManager">
    <task active="true" id="Default" summary="Default task">
      <created>1646505751500</created>
      <option name="number" value="Default" />
      <option name="presentableId" value="Default" />
      <updated>1646505751500</updated>
      <workItem from="1646505788484" duration="2093000" />
    </task>
    <servers />
  </component>
  <component name="UnityCheckinConfiguration" checkUnsavedScenes="true" />
  <component name="UnityUnitTestConfiguration" currentTestLauncher="NUnit" />
  <component name="VcsManagerConfiguration">
    <option name="CLEAR_INITIAL_COMMIT_MESSAGE" value="true" />
  </component>
  <component name="XSLT-Support.FileAssociations.UIState">
    <expand />
    <select />
  </component>
</project>